"cell","drug_1","dose_1","drug_2","dose_2","replicate","type","plate","response"
"A","X",1,NA,NA,1,"single","single_1",2.4315686296942
"B","X",1,NA,NA,1,"single","single_1",2.13077989386594
"C","X",1,NA,NA,1,"single","single_1",1.44589012580231
"A","Y",1,NA,NA,1,"single","single_1",-0.68298732047348
"B","Y",1,NA,NA,1,"single","single_1",-0.260653129321459
"C","Y",1,NA,NA,1,"single","single_1",-1.45998709641962
"A","Z",1,NA,NA,1,"single","single_1",1.443040139262
"B","Z",1,NA,NA,1,"single","single_1",3.06061912726436
"C","Z",1,NA,NA,1,"single","single_1",1.57051580772175
"A","X",2,NA,NA,1,"single","single_1",3.72991101032335
"B","X",2,NA,NA,1,"single","single_1",1.11346580661288
"C","X",2,NA,NA,1,"single","single_1",1.73733435990035
"A","Y",2,NA,NA,1,"single","single_1",1.0647357676693
"B","Y",2,NA,NA,1,"single","single_1",0.0277023031414429
"C","Y",2,NA,NA,1,"single","single_1",0.0143807715087533
"A","Z",2,NA,NA,1,"single","single_1",0.778436743414617
"B","Z",2,NA,NA,1,"single","single_1",-0.412896887705671
"C","Z",2,NA,NA,1,"single","single_1",-0.151896574262205
"A","X",1,"Y",1,1,"combination","combination_1",1.12221265267833
"B","X",1,"Y",1,1,"combination","combination_1",2.13933201411956
"C","X",1,"Y",1,1,"combination","combination_1",1.00626503147373
"A","X",2,"Y",1,1,"combination","combination_1",0.935861480561172
"B","X",2,"Y",1,1,"combination","combination_1",1.12218939459937
"C","X",2,"Y",1,1,"combination","combination_1",-0.642206603113613
"A","X",1,"Z",1,1,"combination","combination_1",3.27365493975705
"B","X",1,"Z",1,1,"combination","combination_1",1.77486400943773
"C","X",1,"Z",1,1,"combination","combination_1",-0.736382422007703
"A","Y",1,"Z",1,1,"combination","combination_1",2.26186493582183
"B","Y",1,"Z",1,1,"combination","combination_1",-0.599797948589792
"C","Y",1,"Z",1,1,"combination","combination_1",-0.535838718547344
"A","X",2,"Z",1,1,"combination","combination_1",2.83857528390123
"B","X",2,"Z",1,1,"combination","combination_1",2.97631616634369
"C","X",2,"Z",1,1,"combination","combination_1",1.16169622936806
"A","Y",2,"Z",1,1,"combination","combination_1",0.711249769963596
"B","Y",2,"Z",1,1,"combination","combination_1",1.36592816555543
"C","Y",2,"Z",1,1,"combination","combination_1",0.780854237322353
"A","X",1,"Y",2,1,"combination","combination_1",1.64684022202857
"B","X",1,"Y",2,1,"combination","combination_1",-0.130900996387996
"C","X",1,"Y",2,1,"combination","combination_1",1.04065144366114
"A","X",2,"Y",2,1,"combination","combination_1",1.73645341749722
"B","X",2,"Y",2,1,"combination","combination_1",0.859540112037097
"C","X",2,"Y",2,1,"combination","combination_1",0.662729919592002
"A","X",1,"Z",2,1,"combination","combination_1",2.65240403800379
"B","X",1,"Z",2,1,"combination","combination_1",1.70092229337218
"C","X",1,"Z",2,1,"combination","combination_1",-7.03315643348957
"A","Y",1,"Z",2,1,"combination","combination_1",0.243617291143478
"B","Y",1,"Z",2,1,"combination","combination_1",0.217086424204573
"C","Y",1,"Z",2,1,"combination","combination_1",-0.10015116349628
"A","X",2,"Z",2,1,"combination","combination_1",0.982694199367737
"B","X",2,"Z",2,1,"combination","combination_1",1.02241808006279
"C","X",2,"Z",2,1,"combination","combination_1",2.66681091500963
"A","Y",2,"Z",2,1,"combination","combination_1",-1.15917547084186
"B","Y",2,"Z",2,1,"combination","combination_1",-0.406926753835616
"C","Y",2,"Z",2,1,"combination","combination_1",-1.18455178080126
"A","X",1,NA,NA,2,"single","single_2",2.15043380836984
"B","X",1,NA,NA,2,"single","single_2",0.729360440167472
"C","X",1,NA,NA,2,"single","single_2",1.36000107578385
"A","Y",1,NA,NA,2,"single","single_2",0.108505760259825
"B","Y",1,NA,NA,2,"single","single_2",-1.67341650208935
"C","Y",1,NA,NA,2,"single","single_2",-1.20386197850482
"A","Z",1,NA,NA,2,"single","single_2",1.44833704301726
"B","Z",1,NA,NA,2,"single","single_2",1.66841755504858
"C","Z",1,NA,NA,2,"single","single_2",0.501771640162268
"A","X",2,NA,NA,2,"single","single_2",0.897502536818526
"B","X",2,NA,NA,2,"single","single_2",1.68378570464925
"C","X",2,NA,NA,2,"single","single_2",0.117120419057514
"A","Y",2,NA,NA,2,"single","single_2",0.978452111157717
"B","Y",2,NA,NA,2,"single","single_2",0.149483840456229
"C","Y",2,NA,NA,2,"single","single_2",-0.0179927963161342
"A","Z",2,NA,NA,2,"single","single_2",0.463974297667875
"B","Z",2,NA,NA,2,"single","single_2",-0.124804012141305
"C","Z",2,NA,NA,2,"single","single_2",1.24385785195312
"A","X",1,"Y",1,2,"combination","combination_2",1.07755788296904
"B","X",1,"Y",1,2,"combination","combination_2",2.33316970173994
"C","X",1,"Y",1,2,"combination","combination_2",1.85995976102382
"A","X",2,"Y",1,2,"combination","combination_2",2.48348468024216
"B","X",2,"Y",1,2,"combination","combination_2",0.378513907434398
"C","X",2,"Y",1,2,"combination","combination_2",0.0795723018470941
"A","X",1,"Z",1,2,"combination","combination_2",3.66933236411268
"B","X",1,"Z",1,2,"combination","combination_2",3.62934619695442
"C","X",1,"Z",1,2,"combination","combination_2",0.892368991929968
"A","Y",1,"Z",1,2,"combination","combination_2",1.81357517932733
"B","Y",1,"Z",1,2,"combination","combination_2",0.233586384966287
"C","Y",1,"Z",1,2,"combination","combination_2",0.427900473617568
"A","X",2,"Z",1,2,"combination","combination_2",4.10738360048344
"B","X",2,"Z",1,2,"combination","combination_2",3.10670326385361
"C","X",2,"Z",1,2,"combination","combination_2",2.04528052434219
"A","Y",2,"Z",1,2,"combination","combination_2",-0.850532893570007
"B","Y",2,"Z",1,2,"combination","combination_2",1.0945285598803
"C","Y",2,"Z",1,2,"combination","combination_2",1.31015418889557
"A","X",1,"Y",2,2,"combination","combination_2",0.964984674692654
"B","X",1,"Y",2,2,"combination","combination_2",1.83665237107509
"C","X",1,"Y",2,2,"combination","combination_2",0.798097508539192
"A","X",2,"Y",2,2,"combination","combination_2",2.15368480739902
"B","X",2,"Y",2,2,"combination","combination_2",2.20865440000151
"C","X",2,"Y",2,2,"combination","combination_2",0.197625454588807
"A","X",1,"Z",2,2,"combination","combination_2",2.278801194557
"B","X",1,"Z",2,2,"combination","combination_2",1.9190716020174
"C","X",1,"Z",2,2,"combination","combination_2",-7.07213465004062
"A","Y",1,"Z",2,2,"combination","combination_2",-0.651801955980676
"B","Y",1,"Z",2,2,"combination","combination_2",-0.90428391210166
"C","Y",1,"Z",2,2,"combination","combination_2",-0.725568242281323
"A","X",2,"Z",2,2,"combination","combination_2",2.28665080641611
"B","X",2,"Z",2,2,"combination","combination_2",1.90708345089202
"C","X",2,"Z",2,2,"combination","combination_2",2.01504789015816
"A","Y",2,"Z",2,2,"combination","combination_2",0.272400487130611
"B","Y",2,"Z",2,2,"combination","combination_2",-0.967630441871193
"C","Y",2,"Z",2,2,"combination","combination_2",-1.1252296564886
"A","X",1,NA,NA,3,"single","single_3",2.18810433067073
"B","X",1,NA,NA,3,"single","single_3",0.272487693970202
"C","X",1,NA,NA,3,"single","single_3",0.27321713208204
"A","Y",1,NA,NA,3,"single","single_3",0.458121069639984
"B","Y",1,NA,NA,3,"single","single_3",0.48893653442394
"C","Y",1,NA,NA,3,"single","single_3",0.190571309617718
"A","Z",1,NA,NA,3,"single","single_3",3.47527624761337
"B","Z",1,NA,NA,3,"single","single_3",0.621370478061137
"C","Z",1,NA,NA,3,"single","single_3",0.543447126535421
"A","X",2,NA,NA,3,"single","single_3",1.97123191209039
"B","X",2,NA,NA,3,"single","single_3",3.25271994773622
"C","X",2,NA,NA,3,"single","single_3",0.219577646878363
"A","Y",2,NA,NA,3,"single","single_3",0.680627421328344
"B","Y",2,NA,NA,3,"single","single_3",0.555610426511098
"C","Y",2,NA,NA,3,"single","single_3",-0.172727558965076
"A","Z",2,NA,NA,3,"single","single_3",-0.796715861740327
"B","Z",2,NA,NA,3,"single","single_3",-0.635052914079687
"C","Z",2,NA,NA,3,"single","single_3",-0.805979936930522
"A","X",1,"Y",1,3,"combination","combination_3",1.00557631518284
"B","X",1,"Y",1,3,"combination","combination_3",1.48180411816932
"C","X",1,"Y",1,3,"combination","combination_3",0.190423660601679
"A","X",2,"Y",1,3,"combination","combination_3",1.02433263427993
"B","X",2,"Y",1,3,"combination","combination_3",0.478714228290509
"C","X",2,"Y",1,3,"combination","combination_3",1.18555955042652
"A","X",1,"Z",1,3,"combination","combination_3",2.18760990997065
"B","X",1,"Z",1,3,"combination","combination_3",2.78068302737421
"C","X",1,"Z",1,3,"combination","combination_3",1.03295394654074
"A","Y",1,"Z",1,3,"combination","combination_3",0.554757043572065
"B","Y",1,"Z",1,3,"combination","combination_3",0.237655776569571
"C","Y",1,"Z",1,3,"combination","combination_3",0.35926458027641
"A","X",2,"Z",1,3,"combination","combination_3",2.72502849894924
"B","X",2,"Z",1,3,"combination","combination_3",2.35275913938835
"C","X",2,"Z",1,3,"combination","combination_3",3.24970223530486
"A","Y",2,"Z",1,3,"combination","combination_3",0.857487954041056
"B","Y",2,"Z",1,3,"combination","combination_3",1.55226783172421
"C","Y",2,"Z",1,3,"combination","combination_3",-1.07956372857295
"A","X",1,"Y",2,3,"combination","combination_3",1.34079003661283
"B","X",1,"Y",2,3,"combination","combination_3",0.21946215890152
"C","X",1,"Y",2,3,"combination","combination_3",1.60558453187365
"A","X",2,"Y",2,3,"combination","combination_3",3.0280984183044
"B","X",2,"Y",2,3,"combination","combination_3",1.02935191479584
"C","X",2,"Y",2,3,"combination","combination_3",1.27289246863351
"A","X",1,"Z",2,3,"combination","combination_3",0.757921050583397
"B","X",1,"Z",2,3,"combination","combination_3",1.17895891381346
"C","X",1,"Z",2,3,"combination","combination_3",-5.0403724892104
"A","Y",1,"Z",2,3,"combination","combination_3",-0.491153531909273
"B","Y",1,"Z",2,3,"combination","combination_3",-0.0428435367256143
"C","Y",1,"Z",2,3,"combination","combination_3",-0.139862047150602
"A","X",2,"Z",2,3,"combination","combination_3",0.922184128196527
"B","X",2,"Z",2,3,"combination","combination_3",1.58124640870581
"C","X",2,"Z",2,3,"combination","combination_3",2.37201042510234
"A","Y",2,"Z",2,3,"combination","combination_3",-0.287217018404551
"B","Y",2,"Z",2,3,"combination","combination_3",-1.61268517797801
"C","Y",2,"Z",2,3,"combination","combination_3",-2.55462263352957
