"id","scenario","dataset","mask","adapter","rhat_max","bulk_ess_min","bulk_ess_median","tail_ess_min","median_bulk_ess_per_second","mcse_mean_max","unavailable"
"gamma-001-reveal_25-gibbs","gamma",1,"reveal_25","gibbs",1.02429059566283,135.251903437992,434.090329702495,62.3771248813123,20.1247255309455,1.18532512013075,0
"gamma-001-reveal_25-gibbs_cmi","gamma",1,"reveal_25","gibbs_cmi",1.32328239841236,9.80559132298781,304.353170087105,51.2421424228192,13.741790233299,3.57428110281942,0
"gamma-001-reveal_25-gibbs_icm","gamma",1,"reveal_25","gibbs_icm",1.48256480435586,7.78223177465395,270.899576615821,33.298269028736,12.4568711369762,2.11961954279797,0
"gamma-001-reveal_25-gibbs_imc","gamma",1,"reveal_25","gibbs_imc",1.03742831231907,92.5284131523655,373.333230451385,219.975671224847,17.8859402314658,1.07734582093858,0
"gamma-001-reveal_25-gibbs_mci","gamma",1,"reveal_25","gibbs_mci",1.28143423652244,10.8795377025266,458.541995070777,17.6682079984329,22.0050866239935,1.20343295095327,0
"gamma-001-reveal_25-gibbs_mic","gamma",1,"reveal_25","gibbs_mic",1.04331107355493,153.536505564197,409.928964984816,266.318208310052,18.1883470132583,0.976411935379623,0
"gamma-001-reveal_75-gibbs","gamma",1,"reveal_75","gibbs",1.06238849753022,52.6897006208871,401.716313748242,262.618270873187,16.28557642795,1.8277000977269,0
"gamma-001-reveal_75-gibbs_cmi","gamma",1,"reveal_75","gibbs_cmi",1.04014357670007,91.591397870543,613.134301742991,175.673119473933,25.0842491405716,0.814111077588144,0
"gamma-001-reveal_75-gibbs_icm","gamma",1,"reveal_75","gibbs_icm",1.05674609968698,57.8234714248421,485.859033010738,371.558780564787,20.0238638728461,2.33250153604175,0
"gamma-001-reveal_75-gibbs_imc","gamma",1,"reveal_75","gibbs_imc",1.05216156124196,65.6263754257244,559.917029990282,338.245989789959,24.143720839562,1.57655096731269,0
"gamma-001-reveal_75-gibbs_mci","gamma",1,"reveal_75","gibbs_mci",1.03779927437921,91.4500805159239,622.047781570059,407.770618939546,25.1190349527564,0.802186748746361,0
"gamma-001-reveal_75-gibbs_mic","gamma",1,"reveal_75","gibbs_mic",1.03515315460204,109.789449848018,493.940855692368,426.335955558668,19.95639997141,1.09285894591468,0
"gamma-002-reveal_25-gibbs","gamma",2,"reveal_25","gibbs",1.10059818509613,32.3998554336708,396.170617696003,101.728761974557,17.6743527859024,2.74697753442037,0
"gamma-002-reveal_25-gibbs_cmi","gamma",2,"reveal_25","gibbs_cmi",1.04374943762416,84.1287927212954,392.259338655801,362.836415959006,17.3989504837348,1.51117639560126,0
"gamma-002-reveal_25-gibbs_icm","gamma",2,"reveal_25","gibbs_icm",1.0442110277709,110.735242838777,409.32889563895,528.495043292074,17.9766752586276,1.5104629388578,0
"gamma-002-reveal_25-gibbs_imc","gamma",2,"reveal_25","gibbs_imc",1.13168433462444,22.3023710221195,431.966254343383,281.281454769082,19.4509300406782,3.59024378128275,0
"gamma-002-reveal_25-gibbs_mci","gamma",2,"reveal_25","gibbs_mci",1.07604506524415,41.2671258174404,523.736024484929,276.518206634497,21.0318859724089,2.63162135391948,0
"gamma-002-reveal_25-gibbs_mic","gamma",2,"reveal_25","gibbs_mic",1.05070470254055,67.1787210132864,408.181988462546,190.788361890385,16.6652508252377,1.94955697897453,0
"gamma-002-reveal_75-gibbs","gamma",2,"reveal_75","gibbs",1.69315802799629,6.37937673974126,75.8724135210024,10.824474956886,3.05850822433194,22.3980389607883,0
"gamma-002-reveal_75-gibbs_cmi","gamma",2,"reveal_75","gibbs_cmi",1.54377729958539,7.18339529508462,21.998534649934,31.5899827114513,0.887073456588329,36.3377142022833,0
"gamma-002-reveal_75-gibbs_icm","gamma",2,"reveal_75","gibbs_icm",1.29336093980338,10.7035533774885,236.368544970752,34.0341600784224,9.61394879080584,6.74088816653666,0
"gamma-002-reveal_75-gibbs_imc","gamma",2,"reveal_75","gibbs_imc",1.43892163449606,8.06336750203639,259.414797831952,20.8372288881464,9.71918616132599,7.75190834432729,0
"gamma-002-reveal_75-gibbs_mci","gamma",2,"reveal_75","gibbs_mci",1.46509518829287,7.88296566270679,96.1104553031611,11.9816791513397,3.63490243573091,12.6394674879325,0
"gamma-002-reveal_75-gibbs_mic","gamma",2,"reveal_75","gibbs_mic",1.4067226050681,8.63689310335785,404.52489393485,46.1841713058029,15.2945250835514,6.37116434265409,0
"horseshoe-001-reveal_25-gibbs","horseshoe",1,"reveal_25","gibbs",2.49649604480009,4.87686182459349,9.77997758021754,12.4178975891067,0.422133010195852,84.0268717238798,0
"horseshoe-001-reveal_25-gibbs_cmi","horseshoe",1,"reveal_25","gibbs_cmi",2.57261322817179,4.81891765213642,7.98108015281738,11.3383269328705,0.347562607360423,91.9286969013291,0
"horseshoe-001-reveal_25-gibbs_icm","horseshoe",1,"reveal_25","gibbs_icm",3.66788943151133,4.40402854775334,5.65184880315114,10.9355549040483,0.248717162610067,136.456996636877,0
"horseshoe-001-reveal_25-gibbs_imc","horseshoe",1,"reveal_25","gibbs_imc",4.13711068092351,4.33119460196393,9.60203958805228,11.0326038699716,0.429448525786136,282.178118705476,0
"horseshoe-001-reveal_25-gibbs_mci","horseshoe",1,"reveal_25","gibbs_mci",2.80413616282066,4.6897135291776,5.84883016837806,11.1216354238935,0.226146625232109,1719.78060854293,0
"horseshoe-001-reveal_25-gibbs_mic","horseshoe",1,"reveal_25","gibbs_mic",2.86643865941407,4.64643989475502,10.9642309906537,11.290296428229,0.461224591563756,763.741823881268,0
"horseshoe-001-reveal_75-gibbs","horseshoe",1,"reveal_75","gibbs",3.10349035672512,4.54570022166996,9.15537437648035,10.8603535440238,0.351440419810386,187.676978614065,0
"horseshoe-001-reveal_75-gibbs_cmi","horseshoe",1,"reveal_75","gibbs_cmi",2.57800070217737,4.83583015298583,22.3375861230633,18.0119401688175,0.878118803485462,112.089440081831,0
"horseshoe-001-reveal_75-gibbs_icm","horseshoe",1,"reveal_75","gibbs_icm",3.2485624839611,4.52362420931177,8.35004806409276,18.4142403812155,0.340345971471946,487.033878380238,0
"horseshoe-001-reveal_75-gibbs_imc","horseshoe",1,"reveal_75","gibbs_imc",3.40548735474567,4.47064295106667,11.8774025439243,12.7293199070058,0.448491581162413,613.422102524884,0
"horseshoe-001-reveal_75-gibbs_mci","horseshoe",1,"reveal_75","gibbs_mci",3.1250986590222,4.54229569498895,9.44857164624383,10.9162161732765,0.346367962397589,330.025354108532,0
"horseshoe-001-reveal_75-gibbs_mic","horseshoe",1,"reveal_75","gibbs_mic",3.02922673620649,4.57839929024869,7.58479570511336,11.0140366067298,0.2920936459781,378.700150966076,0
"horseshoe-002-reveal_25-gibbs","horseshoe",2,"reveal_25","gibbs",2.55192592100049,4.93595675419352,6.66591840727564,11.4516535470269,0.274362792528631,769.538783000304,0
"horseshoe-002-reveal_25-gibbs_cmi","horseshoe",2,"reveal_25","gibbs_cmi",3.00399203415417,4.59397399373227,8.00463013106413,12.6307106732667,0.330087840456253,781.520268548131,0
"horseshoe-002-reveal_25-gibbs_icm","horseshoe",2,"reveal_25","gibbs_icm",3.23743814396694,4.50975107982947,30.1929558340648,11.0938158430994,1.25756823832999,275.247356329683,0
"horseshoe-002-reveal_25-gibbs_imc","horseshoe",2,"reveal_25","gibbs_imc",3.55356174820933,4.4245349726909,11.0252606303677,10.8132851552407,0.495628708939885,1521.46536630504,0
"horseshoe-002-reveal_25-gibbs_mci","horseshoe",2,"reveal_25","gibbs_mci",3.01806309278879,4.58786195500369,7.32013629776682,11.3505273126781,0.332159737624413,1620.42287576676,0
"horseshoe-002-reveal_25-gibbs_mic","horseshoe",2,"reveal_25","gibbs_mic",2.67204670511997,4.74958633431829,6.55217999845026,10.9978535369998,0.293582758242238,1735.63539132956,0
"horseshoe-002-reveal_75-gibbs","horseshoe",2,"reveal_75","gibbs",2.74548565332178,4.70133562709886,7.36648487474052,10.8629490042916,0.275341439588117,367.126423837269,0
"horseshoe-002-reveal_75-gibbs_cmi","horseshoe",2,"reveal_75","gibbs_cmi",3.52441723836868,4.42903086481197,7.37342401156306,10.7630074965514,0.279508112644545,506.571583920247,1
"horseshoe-002-reveal_75-gibbs_icm","horseshoe",2,"reveal_75","gibbs_icm",2.84223070475775,4.66869178288876,10.7774982959332,14.8385963700715,0.436424308399807,752.451130424897,0
"horseshoe-002-reveal_75-gibbs_imc","horseshoe",2,"reveal_75","gibbs_imc",2.85078214837665,4.67825876797956,7.7280062406576,10.8546478948391,0.314594188506313,702.993303674545,1
"horseshoe-002-reveal_75-gibbs_mci","horseshoe",2,"reveal_75","gibbs_mci",3.49500526933082,4.45252004622324,6.91322536764091,27.7993042163804,0.285163773775558,673.004734995357,1
"horseshoe-002-reveal_75-gibbs_mic","horseshoe",2,"reveal_75","gibbs_mic",2.13021936553615,5.24498577938151,11.6563188605168,11.4206834907553,0.46658869828344,364.924360459659,0
"multiplicative_gamma-001-reveal_25-gibbs","multiplicative_gamma",1,"reveal_25","gibbs",1.04020442162501,92.2375609219418,574.244621559128,441.599098397432,23.4423833098926,1.41704725245616,0
"multiplicative_gamma-001-reveal_25-gibbs_cmi","multiplicative_gamma",1,"reveal_25","gibbs_cmi",1.04968438692292,92.5286410058426,471.861945643982,375.263902174377,19.2982677863474,1.49911476246901,0
"multiplicative_gamma-001-reveal_25-gibbs_icm","multiplicative_gamma",1,"reveal_25","gibbs_icm",1.06269485701295,62.3177749881512,474.443052490359,398.375282449599,20.5306613220113,1.75444502724885,0
"multiplicative_gamma-001-reveal_25-gibbs_imc","multiplicative_gamma",1,"reveal_25","gibbs_imc",1.04471998481418,106.791147300707,572.737673264883,402.41492136301,25.3334073454034,1.34672092075263,0
"multiplicative_gamma-001-reveal_25-gibbs_mci","multiplicative_gamma",1,"reveal_25","gibbs_mci",1.09471014337057,34.2391153390824,490.565218929802,375.899032880275,22.497831640899,2.40969605341608,0
"multiplicative_gamma-001-reveal_25-gibbs_mic","multiplicative_gamma",1,"reveal_25","gibbs_mic",1.0581655659753,54.6371644883404,524.084666556181,321.102799975931,24.0229495121095,1.91733983875168,0
"multiplicative_gamma-001-reveal_75-gibbs","multiplicative_gamma",1,"reveal_75","gibbs",1.35126858281165,9.24645040170869,205.846348458745,26.3815148827951,7.64773177510573,6.21778977038623,0
"multiplicative_gamma-001-reveal_75-gibbs_cmi","multiplicative_gamma",1,"reveal_75","gibbs_cmi",1.26261136175991,11.9301291183192,254.279223535618,23.9146386184882,9.47142040211637,4.84135066274906,0
"multiplicative_gamma-001-reveal_75-gibbs_icm","multiplicative_gamma",1,"reveal_75","gibbs_icm",1.10479807697009,31.1432077034366,331.691368951001,199.169440860668,13.6240601721433,2.74706674438476,0
"multiplicative_gamma-001-reveal_75-gibbs_imc","multiplicative_gamma",1,"reveal_75","gibbs_imc",1.30194038686916,10.4212025688771,344.143336293013,36.0897418890304,14.0455202143911,5.71867086447347,0
"multiplicative_gamma-001-reveal_75-gibbs_mci","multiplicative_gamma",1,"reveal_75","gibbs_mci",1.4630148019018,7.95356882973242,119.052912885014,12.1065325857972,4.93504032851162,9.70302092583003,0
"multiplicative_gamma-001-reveal_75-gibbs_mic","multiplicative_gamma",1,"reveal_75","gibbs_mic",1.3520367914418,9.2085935737729,127.489684445548,14.1084687733197,5.27776471458637,6.80817727614493,0
"multiplicative_gamma-002-reveal_25-gibbs","multiplicative_gamma",2,"reveal_25","gibbs",1.0534271915826,71.0846645326685,624.162395218364,328.156325431692,28.352975162095,1.77191042529315,0
"multiplicative_gamma-002-reveal_25-gibbs_cmi","multiplicative_gamma",2,"reveal_25","gibbs_cmi",1.07157531243612,45.5898555535274,600.316501730864,293.953817809811,28.0443100873991,2.18144985282269,0
"multiplicative_gamma-002-reveal_25-gibbs_icm","multiplicative_gamma",2,"reveal_25","gibbs_icm",1.03623545248499,118.995626688065,611.643843778129,326.132430060508,27.7314038709706,1.19391954687149,0
"multiplicative_gamma-002-reveal_25-gibbs_imc","multiplicative_gamma",2,"reveal_25","gibbs_imc",1.098741349877,34.701977244037,662.398811814005,165.48264499471,30.0844223732402,2.67581517066276,0
"multiplicative_gamma-002-reveal_25-gibbs_mci","multiplicative_gamma",2,"reveal_25","gibbs_mci",1.05093849190607,92.4380841495639,714.14368619936,371.907233735084,32.5246475474502,1.50371612536405,0
"multiplicative_gamma-002-reveal_25-gibbs_mic","multiplicative_gamma",2,"reveal_25","gibbs_mic",1.03916792629906,79.0033922691357,632.315164900149,278.778289899272,29.5281201503759,1.59912283346095,0
"multiplicative_gamma-002-reveal_75-gibbs","multiplicative_gamma",2,"reveal_75","gibbs",1.07339207336998,46.8507305187794,440.036229629506,86.2442025988305,18.049806375549,1.55810483579074,0
"multiplicative_gamma-002-reveal_75-gibbs_cmi","multiplicative_gamma",2,"reveal_75","gibbs_cmi",1.12414895938714,23.9505505113659,287.409605302973,198.484984990774,11.7723275703683,2.95089241010169,0
"multiplicative_gamma-002-reveal_75-gibbs_icm","multiplicative_gamma",2,"reveal_75","gibbs_icm",1.05282633136611,60.5397293599987,384.253321303493,398.943399944365,15.9474298113091,1.70250204032205,0
"multiplicative_gamma-002-reveal_75-gibbs_imc","multiplicative_gamma",2,"reveal_75","gibbs_imc",1.06856855181208,44.3452430127113,292.748930734286,42.4677821819272,12.0462896360087,2.89899766438585,0
"multiplicative_gamma-002-reveal_75-gibbs_mci","multiplicative_gamma",2,"reveal_75","gibbs_mci",1.0361959931355,94.1812190491092,420.114428616209,344.991789472645,17.8947237132601,1.42466478427478,0
"multiplicative_gamma-002-reveal_75-gibbs_mic","multiplicative_gamma",2,"reveal_75","gibbs_mic",1.02547642875026,90.4074525305279,534.588144269826,539.459458820775,21.8047943985734,1.14555278316284,0
"realism-001-reveal_25-gibbs","realism",1,"reveal_25","gibbs",1.02952742622471,270.51630583806,737.955634452936,151.627306809269,33.7073783607973,0.506192047446043,0
"realism-001-reveal_25-gibbs_cmi","realism",1,"reveal_25","gibbs_cmi",1.02367310452409,170.053365933034,749.546685367373,338.712273540285,31.5160696870612,0.58302302286081,0
"realism-001-reveal_25-gibbs_icm","realism",1,"reveal_25","gibbs_icm",1.05951851516557,58.5461072998651,588.105485926697,158.154107395895,25.2926838950068,0.566897717801202,0
"realism-001-reveal_25-gibbs_imc","realism",1,"reveal_25","gibbs_imc",1.04185695471439,72.3262809149786,737.10680792514,295.923364303814,31.8404668650167,0.555883431757903,0
"realism-001-reveal_25-gibbs_mci","realism",1,"reveal_25","gibbs_mci",1.05313124501333,70.5803581969023,647.445781427763,336.062184975155,28.427915759726,0.604983022647461,0
"realism-001-reveal_25-gibbs_mic","realism",1,"reveal_25","gibbs_mic",1.03189920111767,153.933440845926,667.726714466772,152.118996608735,28.6541095338272,0.696202133113387,0
"realism-001-reveal_75-gibbs","realism",1,"reveal_75","gibbs",1.16025956930398,19.2308777708779,290.729888526351,74.8467195776639,11.8072488537689,3.00830005673063,0
"realism-001-reveal_75-gibbs_cmi","realism",1,"reveal_75","gibbs_cmi",1.11184517241629,25.1894071517113,298.602501209548,41.4096019208371,11.5357350283775,2.8140083556398,0
"realism-001-reveal_75-gibbs_icm","realism",1,"reveal_75","gibbs_icm",1.26017886253449,12.1081230982076,386.183381390106,28.7795078040054,14.8973259804075,5.38704365308277,0
"realism-001-reveal_75-gibbs_imc","realism",1,"reveal_75","gibbs_imc",1.09953314362138,28.4410499118211,482.036283403893,36.7223803890537,18.9130255975161,2.04456808403599,0
"realism-001-reveal_75-gibbs_mci","realism",1,"reveal_75","gibbs_mci",1.09525689991505,31.6989856747482,400.063807140192,146.665066650505,15.6770957772714,1.15434762778357,0
"realism-001-reveal_75-gibbs_mic","realism",1,"reveal_75","gibbs_mic",1.03952075617748,98.4053020726164,422.332665157797,244.867388946028,16.2949558282967,1.19886639345366,0
"realism-002-reveal_25-gibbs","realism",2,"reveal_25","gibbs",1.0368014087947,110.497656856253,412.008362784554,191.386608161137,17.6630525072689,1.12745891575346,0
"realism-002-reveal_25-gibbs_cmi","realism",2,"reveal_25","gibbs_cmi",1.1184464017419,26.1489247800092,252.846487388038,97.8538408224675,10.7233761986529,2.52924410113886,0
"realism-002-reveal_25-gibbs_icm","realism",2,"reveal_25","gibbs_icm",1.04960451017197,84.1055407095603,360.272930510539,156.936219224124,15.3105660834873,1.28949122380506,0
"realism-002-reveal_25-gibbs_imc","realism",2,"reveal_25","gibbs_imc",1.0930189828266,32.9489874076634,376.318835510266,146.901295835173,16.0785659265227,2.25218350234349,0
"realism-002-reveal_25-gibbs_mci","realism",2,"reveal_25","gibbs_mci",1.05042315192849,69.2092223310358,386.837721660953,235.742853690983,16.4962781092089,1.14356561408288,0
"realism-002-reveal_25-gibbs_mic","realism",2,"reveal_25","gibbs_mic",1.04891653293163,62.3071206978818,402.751354749906,162.206241345114,17.3181697088884,1.48304619538918,0
"realism-002-reveal_75-gibbs","realism",2,"reveal_75","gibbs",1.08163947482999,34.0819662439848,337.447703923151,132.442295610501,12.9967533478336,1.15214551979926,0
"realism-002-reveal_75-gibbs_cmi","realism",2,"reveal_75","gibbs_cmi",1.10365902900486,30.6942948858482,409.995739545032,116.241347568109,15.8900759454708,0.97277049868652,0
"realism-002-reveal_75-gibbs_icm","realism",2,"reveal_75","gibbs_icm",1.07422639537731,43.7167422498338,381.681851041626,86.8611774029516,14.6075950492414,1.85654120668866,0
"realism-002-reveal_75-gibbs_imc","realism",2,"reveal_75","gibbs_imc",1.12675658631126,24.4858239971756,412.671765478678,79.263200555139,16.174960431101,0.954623240435791,0
"realism-002-reveal_75-gibbs_mci","realism",2,"reveal_75","gibbs_mci",1.06021190581884,43.8776144597746,352.827391782272,144.548159171855,13.5172550678978,0.736893165623888,0
"realism-002-reveal_75-gibbs_mic","realism",2,"reveal_75","gibbs_mic",1.13971339493252,21.2870689270687,382.387751637443,80.9709311914292,14.8137663827312,1.0269358491304,0
