"scenario","dataset","mask","adapter","id","n_rows","n_observed","n_holdout","latent_rmse","interaction_rmse","response_holdout_rmse","viability_holdout_rmse","fit_seconds","fit_bytes","evaluation_seconds"
"gamma",1,"reveal_25","gibbs","gamma-001-reveal_25-gibbs",1104,348,756,0.1437394049332,0.0827034609959844,0.24577748683952,0.037890643298976,21.57,65420256,5.69
"multiplicative_gamma",1,"reveal_25","gibbs","multiplicative_gamma-001-reveal_25-gibbs",1104,348,756,0.225010794397721,0.160421918290969,0.318014879905459,0.0625397165368959,24.496,65420376,4.97900000000004
"horseshoe",1,"reveal_25","gibbs","horseshoe-001-reveal_25-gibbs",1104,348,756,109.830440040448,109.469511120292,132.709562688588,0.217151206316667,23.1680000000001,70172592,4.57799999999997
"realism",1,"reveal_25","gibbs","realism-001-reveal_25-gibbs",1104,348,756,0.148248117038048,0.115657614002379,0.261801021149979,0.055983178613183,21.893,70172592,4.43599999999969
"gamma",2,"reveal_25","gibbs","gamma-002-reveal_25-gibbs",1104,348,756,0.165237421341371,0.102552442033911,0.261905774949912,0.0407286463709112,22.415,65420256,4.76299999999998
"multiplicative_gamma",2,"reveal_25","gibbs","multiplicative_gamma-002-reveal_25-gibbs",1104,348,756,0.201869140092158,0.124962878961816,0.35050920418851,0.0573323713983825,22.0140000000001,65420376,4.35899999999992
"horseshoe",2,"reveal_25","gibbs","horseshoe-002-reveal_25-gibbs",1104,348,756,617.891257620266,618.120580209691,746.662711140488,0.239472905174198,24.296,70172592,5.00399999999991
"realism",2,"reveal_25","gibbs","realism-002-reveal_25-gibbs",1104,348,756,0.148417017825294,0.073364192361677,0.260319218338206,0.0547967279628938,23.326,70172592,4.89099999999962
"gamma",1,"reveal_75","gibbs","gamma-001-reveal_75-gibbs",1104,852,252,0.0852816840954899,0.0577534337612911,0.205359759103224,0.033372917870902,24.667,81564384,5.125
"multiplicative_gamma",1,"reveal_75","gibbs","multiplicative_gamma-001-reveal_75-gibbs",1104,852,252,0.099623235924734,0.084731983949588,0.205113245250955,0.0383941860320418,26.9159999999999,81564504,5.21800000000007
"horseshoe",1,"reveal_75","gibbs","horseshoe-001-reveal_75-gibbs",1104,852,252,28.7827319103673,28.7641776343924,59.8823235163805,0.138659118298453,26.0509999999999,86316720,5.08300000000008
"realism",1,"reveal_75","gibbs","realism-001-reveal_75-gibbs",1104,852,252,0.0816266659027306,0.100760658393238,0.213027507994619,0.0464416983805431,24.623,86316720,4.75900000000001
"gamma",2,"reveal_75","gibbs","gamma-002-reveal_75-gibbs",1104,852,252,0.0928771201933756,0.0736057745667859,0.213258919044573,0.0322374808770003,24.807,81564384,4.83699999999999
"multiplicative_gamma",2,"reveal_75","gibbs","multiplicative_gamma-002-reveal_75-gibbs",1104,852,252,0.11445687422067,0.0831538844691788,0.295094387927707,0.0476680841688057,24.3789999999999,81564504,4.87200000000007
"horseshoe",2,"reveal_75","gibbs","horseshoe-002-reveal_75-gibbs",1104,852,252,184.885831443494,185.227187252071,386.176951781456,0.186830264701419,26.7540000000001,86316720,4.96799999999985
"realism",2,"reveal_75","gibbs","realism-002-reveal_75-gibbs",1104,852,252,0.0783714014398492,0.0574716002192312,0.219963420398065,0.0448513136302272,25.9639999999999,86316720,4.91800000000012
"gamma",1,"reveal_25","gibbs_cmi","gamma-001-reveal_25-gibbs_cmi",1104,348,756,0.147838003062274,0.0857878154755421,0.249496842843217,0.0383510812358039,22.148,65420256,4.72800000000001
"multiplicative_gamma",1,"reveal_25","gibbs_cmi","multiplicative_gamma-001-reveal_25-gibbs_cmi",1104,348,756,0.226530732132856,0.162101735722518,0.319551161678652,0.0629133150318175,24.451,65420376,4.92100000000005
"horseshoe",1,"reveal_25","gibbs_cmi","horseshoe-001-reveal_25-gibbs_cmi",1104,348,756,191.45175160349,191.053203757685,231.337982501567,0.261641698371443,22.963,70172592,5.11400000000003
"realism",1,"reveal_25","gibbs_cmi","realism-001-reveal_25-gibbs_cmi",1104,348,756,0.14721370617126,0.115708029362073,0.261124940765784,0.0558770326410397,23.7829999999999,70172592,4.59700000000021
"gamma",2,"reveal_25","gibbs_cmi","gamma-002-reveal_25-gibbs_cmi",1104,348,756,0.167600553997104,0.105780047413108,0.263159528869345,0.0409462511054907,22.545,65420256,4.90299999999996
"multiplicative_gamma",2,"reveal_25","gibbs_cmi","multiplicative_gamma-002-reveal_25-gibbs_cmi",1104,348,756,0.202596379534151,0.123287505239989,0.351039234182192,0.0572709181053701,21.4059999999999,65420376,4.87999999999988
"horseshoe",2,"reveal_25","gibbs_cmi","horseshoe-002-reveal_25-gibbs_cmi",1104,348,756,512.329801891291,512.432266968695,619.106177198141,0.228442985011872,24.25,70172592,4.63200000000006
"realism",2,"reveal_25","gibbs_cmi","realism-002-reveal_25-gibbs_cmi",1104,348,756,0.148779945546155,0.0733721546468446,0.260392292220846,0.0548324597888915,23.5790000000002,70172592,4.74600000000009
"gamma",1,"reveal_75","gibbs_cmi","gamma-001-reveal_75-gibbs_cmi",1104,852,252,0.0858487244326787,0.0592659311098966,0.204956852912314,0.0332559249650276,24.443,81564384,4.953
"multiplicative_gamma",1,"reveal_75","gibbs_cmi","multiplicative_gamma-001-reveal_75-gibbs_cmi",1104,852,252,0.101255064525815,0.0876690384106672,0.205578619067525,0.038368747805332,26.847,81564504,5.38
"horseshoe",1,"reveal_75","gibbs_cmi","horseshoe-001-reveal_75-gibbs_cmi",1104,852,252,3.66106462654234,3.60488636695109,4.97636307917323,0.101677863045558,25.4380000000001,86316720,4.65200000000004
"realism",1,"reveal_75","gibbs_cmi","realism-001-reveal_75-gibbs_cmi",1104,852,252,0.0813657043129316,0.099330564900888,0.212117364976122,0.0462505476450853,25.8849999999998,86316720,5.13000000000011
"gamma",2,"reveal_75","gibbs_cmi","gamma-002-reveal_75-gibbs_cmi",1104,852,252,0.0958346792583878,0.0795987715445069,0.214155178605825,0.0324148442790967,24.799,81564384,5.65199999999999
"multiplicative_gamma",2,"reveal_75","gibbs_cmi","multiplicative_gamma-002-reveal_75-gibbs_cmi",1104,852,252,0.114367995302529,0.0825836893025984,0.293943187729565,0.0476363361041962,24.414,81564504,4.904
"horseshoe",2,"reveal_75","gibbs_cmi","horseshoe-002-reveal_75-gibbs_cmi",1104,852,252,552.306562367354,553.922804032459,1152.6849100389,0.225016924767075,26.3799999999999,86316720,4.98800000000006
"realism",2,"reveal_75","gibbs_cmi","realism-002-reveal_75-gibbs_cmi",1104,852,252,0.0790039206214256,0.0594974059913812,0.22009500431873,0.0447708492121669,25.8019999999997,86316720,4.65000000000009
"gamma",1,"reveal_25","gibbs_icm","gamma-001-reveal_25-gibbs_icm",1104,348,756,0.147555826919754,0.0848937885440385,0.249772408907439,0.0383854958825276,21.747,65420256,4.63200000000001
"multiplicative_gamma",1,"reveal_25","gibbs_icm","multiplicative_gamma-001-reveal_25-gibbs_icm",1104,348,756,0.224438021885144,0.159894358835751,0.317273660963228,0.0623647705027943,23.1089999999999,65420376,4.80900000000008
"horseshoe",1,"reveal_25","gibbs_icm","horseshoe-001-reveal_25-gibbs_icm",1104,348,756,690.40929302653,690.536417431867,834.314481273771,0.28078908872974,22.7239999999999,70172592,4.38000000000011
"realism",1,"reveal_25","gibbs_icm","realism-001-reveal_25-gibbs_icm",1104,348,756,0.147717799396028,0.115441662538176,0.261188006160131,0.0557975721400339,23.252,70172592,4.63200000000006
"gamma",2,"reveal_25","gibbs_icm","gamma-002-reveal_25-gibbs_icm",1104,348,756,0.16595581995136,0.10367979246496,0.262435407406831,0.0408901751873747,22.77,65420256,4.529
"multiplicative_gamma",2,"reveal_25","gibbs_icm","multiplicative_gamma-002-reveal_25-gibbs_icm",1104,348,756,0.203667865472321,0.124082087953793,0.351930978993709,0.0573837960857605,22.056,65420376,4.63999999999987
"horseshoe",2,"reveal_25","gibbs_icm","horseshoe-002-reveal_25-gibbs_icm",1104,348,756,642.397243749582,642.700879944445,776.233828920718,0.209914386084426,24.009,70172592,4.3889999999999
"realism",2,"reveal_25","gibbs_icm","realism-002-reveal_25-gibbs_icm",1104,348,756,0.149546271066789,0.074701446311609,0.261770499273327,0.0551595915043674,23.5309999999999,70172592,4.62899999999991
"gamma",1,"reveal_75","gibbs_icm","gamma-001-reveal_75-gibbs_icm",1104,852,252,0.0852741742114604,0.0578835047104123,0.205932223349941,0.0334349333071794,24.264,81564384,5.08500000000001
"multiplicative_gamma",1,"reveal_75","gibbs_icm","multiplicative_gamma-001-reveal_75-gibbs_icm",1104,852,252,0.0954819401243062,0.0787242132650229,0.201922076725644,0.0379479448129332,24.346,81564504,4.72400000000005
"horseshoe",1,"reveal_75","gibbs_icm","horseshoe-001-reveal_75-gibbs_icm",1104,852,252,7.68552834773536,8.36553346778841,12.5406694094703,0.10696849740375,24.5340000000001,86316720,4.92099999999982
"realism",1,"reveal_75","gibbs_icm","realism-001-reveal_75-gibbs_icm",1104,852,252,0.081061758157694,0.098567271805834,0.213102005992896,0.0464932073201939,25.9230000000002,86316720,4.89300000000003
"gamma",2,"reveal_75","gibbs_icm","gamma-002-reveal_75-gibbs_icm",1104,852,252,0.0920698308654026,0.0718651534303459,0.211824079893405,0.0322501863903903,24.586,81564384,5.20400000000001
"multiplicative_gamma",2,"reveal_75","gibbs_icm","multiplicative_gamma-002-reveal_75-gibbs_icm",1104,852,252,0.113216698948119,0.0809949160907703,0.293175349430791,0.0476657036647222,24.095,81564504,4.85599999999999
"horseshoe",2,"reveal_75","gibbs_icm","horseshoe-002-reveal_75-gibbs_icm",1104,852,252,251.590941822962,252.043577257281,526.087724074429,0.132949935562181,24.6949999999999,86316720,4.64100000000008
"realism",2,"reveal_75","gibbs_icm","realism-002-reveal_75-gibbs_icm",1104,852,252,0.0771614357157576,0.0549518513211012,0.220042989031992,0.0447757975903108,26.1289999999999,86316720,4.85100000000011
"gamma",1,"reveal_25","gibbs_imc","gamma-001-reveal_25-gibbs_imc",1104,348,756,0.143633364813353,0.0817593919134019,0.246658301057801,0.0380116919635284,20.873,65420256,4.447
"multiplicative_gamma",1,"reveal_25","gibbs_imc","multiplicative_gamma-001-reveal_25-gibbs_imc",1104,348,756,0.225365570426279,0.160570776755847,0.31826480526022,0.0625853835356217,22.6080000000001,65420376,4.76900000000001
"horseshoe",1,"reveal_25","gibbs_imc","horseshoe-001-reveal_25-gibbs_imc",1104,348,756,437.646695006363,437.400655165988,528.865369364357,0.34648276669834,22.3590000000002,70172592,4.42399999999998
"realism",1,"reveal_25","gibbs_imc","realism-001-reveal_25-gibbs_imc",1104,348,756,0.145932204642995,0.11556090901556,0.259577431687728,0.0555593844021929,23.1500000000001,70172592,4.91300000000001
"gamma",2,"reveal_25","gibbs_imc","gamma-002-reveal_25-gibbs_imc",1104,348,756,0.171129424598664,0.109584794356954,0.267642876569921,0.041590338372024,22.2080000000001,65420256,4.83999999999992
"multiplicative_gamma",2,"reveal_25","gibbs_imc","multiplicative_gamma-002-reveal_25-gibbs_imc",1104,348,756,0.202092150800264,0.123197423695735,0.350698320954451,0.0572974557533997,22.018,65420376,4.6110000000001
"horseshoe",2,"reveal_25","gibbs_imc","horseshoe-002-reveal_25-gibbs_imc",1104,348,756,1316.35673016024,1316.34479464975,1590.72787160376,0.282026125638811,22.2449999999999,70172592,4.40199999999982
"realism",2,"reveal_25","gibbs_imc","realism-002-reveal_25-gibbs_imc",1104,348,756,0.150128782290237,0.0733870170657562,0.261199871828781,0.0551047788914235,23.4050000000002,70172592,4.97599999999966
"gamma",1,"reveal_75","gibbs_imc","gamma-001-reveal_75-gibbs_imc",1104,852,252,0.0850605787854597,0.0586279989093154,0.205475366436997,0.0333999476869302,23.191,81564384,4.44299999999998
"multiplicative_gamma",1,"reveal_75","gibbs_imc","multiplicative_gamma-001-reveal_75-gibbs_imc",1104,852,252,0.0976841712591952,0.083375229324042,0.202340622042867,0.0378187363586602,24.5020000000001,81564504,4.89299999999992
"horseshoe",1,"reveal_75","gibbs_imc","horseshoe-001-reveal_75-gibbs_imc",1104,852,252,36.4386982608636,36.4625232253376,76.1403619382627,0.0886294736424195,26.4830000000002,86316720,5.40599999999995
"realism",1,"reveal_75","gibbs_imc","realism-001-reveal_75-gibbs_imc",1104,852,252,0.0802130696315605,0.0974570480775968,0.212921921531647,0.0464672241752799,25.4870000000001,86316720,4.77199999999993
"gamma",2,"reveal_75","gibbs_imc","gamma-002-reveal_75-gibbs_imc",1104,852,252,0.0911875579534216,0.0712200333197398,0.211794028104553,0.0322276463387335,26.691,81564384,5.35399999999993
"multiplicative_gamma",2,"reveal_75","gibbs_imc","multiplicative_gamma-002-reveal_75-gibbs_imc",1104,852,252,0.114495540369195,0.0827991706011404,0.294285503122127,0.0476831114763072,24.3020000000001,81564504,4.84899999999993
"horseshoe",2,"reveal_75","gibbs_imc","horseshoe-002-reveal_75-gibbs_imc",1104,852,252,1221.30149927597,1221.79507658416,2553.59744997113,0.225109518535364,24.5650000000001,86316720,4.96599999999989
"realism",2,"reveal_75","gibbs_imc","realism-002-reveal_75-gibbs_imc",1104,852,252,0.0760557292017556,0.0532878964678146,0.218476498463467,0.0446803440085053,25.5129999999999,86316720,4.96900000000005
"gamma",1,"reveal_25","gibbs_mci","gamma-001-reveal_25-gibbs_mci",1104,348,756,0.146830578073318,0.0842764905741081,0.247518298370679,0.0380095492263052,20.838,65420256,4.423
"multiplicative_gamma",1,"reveal_25","gibbs_mci","multiplicative_gamma-001-reveal_25-gibbs_mci",1104,348,756,0.227243439723178,0.163543297417208,0.320040598996604,0.0630641103034684,21.8049999999999,65420376,4.70699999999999
"horseshoe",1,"reveal_25","gibbs_mci","horseshoe-001-reveal_25-gibbs_mci",1104,348,756,1171.33142002522,1171.17425559629,1415.48162713444,0.333501874698468,25.8630000000001,70172592,4.95800000000008
"realism",1,"reveal_25","gibbs_mci","realism-001-reveal_25-gibbs_mci",1104,348,756,0.147115577825558,0.115670081726829,0.260729842672239,0.055757607559715,22.7750000000001,70172592,4.48100000000022
"gamma",2,"reveal_25","gibbs_mci","gamma-002-reveal_25-gibbs_mci",1104,348,756,0.169056300616363,0.107435040551427,0.265470492129684,0.0411598982671117,24.902,65420256,4.95100000000002
"multiplicative_gamma",2,"reveal_25","gibbs_mci","multiplicative_gamma-002-reveal_25-gibbs_mci",1104,348,756,0.202031418027626,0.123372390137462,0.350048249227542,0.0572811049803759,21.9569999999999,65420376,4.61599999999999
"horseshoe",2,"reveal_25","gibbs_mci","horseshoe-002-reveal_25-gibbs_mci",1104,348,756,1065.22942618288,1065.10876667763,1287.1534198918,0.363200356238347,22.038,70172592,4.88400000000001
"realism",2,"reveal_25","gibbs_mci","realism-002-reveal_25-gibbs_mci",1104,348,756,0.14972860532422,0.0731916544629316,0.260711555740852,0.0548853626231808,23.4500000000003,70172592,4.60699999999997
"gamma",1,"reveal_75","gibbs_mci","gamma-001-reveal_75-gibbs_mci",1104,852,252,0.0856653750872897,0.0581358765868076,0.206103353210351,0.0334790132348394,24.764,81564384,5.12899999999996
"multiplicative_gamma",1,"reveal_75","gibbs_mci","multiplicative_gamma-001-reveal_75-gibbs_mci",1104,852,252,0.0982817614594887,0.0840598671493566,0.204376919718029,0.0383401298195222,24.124,81564504,4.66199999999992
"horseshoe",1,"reveal_75","gibbs_mci","horseshoe-001-reveal_75-gibbs_mci",1104,852,252,74.1369656145146,74.4230702210075,154.575052540302,0.16255547746192,27.279,86316720,4.76700000000005
"realism",1,"reveal_75","gibbs_mci","realism-001-reveal_75-gibbs_mci",1104,852,252,0.0803369003071639,0.0964688019538727,0.213201851789782,0.0465143661990739,25.5190000000002,86316720,4.90999999999985
"gamma",2,"reveal_75","gibbs_mci","gamma-002-reveal_75-gibbs_mci",1104,852,252,0.0923119106053002,0.0735233935047845,0.21157771456788,0.0321574269771835,26.441,81564384,5.49900000000002
"multiplicative_gamma",2,"reveal_75","gibbs_mci","multiplicative_gamma-002-reveal_75-gibbs_mci",1104,852,252,0.115758405815327,0.0839589720265651,0.295476045372453,0.0478215189767669,23.4770000000001,81564504,4.70000000000005
"horseshoe",2,"reveal_75","gibbs_mci","horseshoe-002-reveal_75-gibbs_mci",1104,852,252,2392.77362016391,2392.99821038795,5006.2997238808,0.261841563423951,24.2430000000002,86316720,4.87099999999987
"realism",2,"reveal_75","gibbs_mci","realism-002-reveal_75-gibbs_mci",1104,852,252,0.0781709446363339,0.0577192342666845,0.220564345402905,0.0448675349367058,26.1020000000003,86316720,4.76600000000008
"gamma",1,"reveal_25","gibbs_mic","gamma-001-reveal_25-gibbs_mic",1104,348,756,0.142355968198118,0.0805194168134677,0.245130004397208,0.0377391231511605,22.538,65420256,4.69800000000004
"multiplicative_gamma",1,"reveal_25","gibbs_mic","multiplicative_gamma-001-reveal_25-gibbs_mic",1104,348,756,0.226883078638052,0.163487036998625,0.319715191304676,0.0628650074337065,21.816,65420376,4.62599999999998
"horseshoe",1,"reveal_25","gibbs_mic","horseshoe-001-reveal_25-gibbs_mic",1104,348,756,555.014472726128,554.834545611919,670.696017538002,0.307254387591124,23.7720000000002,70172592,4.60400000000004
"realism",1,"reveal_25","gibbs_mic","realism-001-reveal_25-gibbs_mic",1104,348,756,0.14831808591221,0.115655851612288,0.261732498338846,0.0559992010741615,23.3029999999999,70172592,4.78800000000001
"gamma",2,"reveal_25","gibbs_mic","gamma-002-reveal_25-gibbs_mic",1104,348,756,0.168758612178535,0.106724922603669,0.264481937051229,0.041119972979755,24.4929999999999,65420256,4.81000000000006
"multiplicative_gamma",2,"reveal_25","gibbs_mic","multiplicative_gamma-002-reveal_25-gibbs_mic",1104,348,756,0.202761697558377,0.125267626410578,0.35184926309431,0.0574173732848585,21.414,65420376,4.4380000000001
"horseshoe",2,"reveal_25","gibbs_mic","horseshoe-002-reveal_25-gibbs_mic",1104,348,756,1149.6127989207,1149.94475015192,1389.22374710843,0.242342354547277,22.318,70172592,4.36799999999994
"realism",2,"reveal_25","gibbs_mic","realism-002-reveal_25-gibbs_mic",1104,348,756,0.15067836143249,0.0734581856223433,0.261866158891897,0.0552514043347261,23.2559999999999,70172592,4.82000000000016
"gamma",1,"reveal_75","gibbs_mic","gamma-001-reveal_75-gibbs_mic",1104,852,252,0.0858953363141129,0.0593322559628902,0.205909970625345,0.0334711693833695,24.751,81564384,5.07100000000003
"multiplicative_gamma",1,"reveal_75","gibbs_mic","multiplicative_gamma-001-reveal_75-gibbs_mic",1104,852,252,0.0995696687895257,0.086061403799133,0.206043551173878,0.0386374381351555,24.1559999999999,81564504,4.798
"horseshoe",1,"reveal_75","gibbs_mic","horseshoe-001-reveal_75-gibbs_mic",1104,852,252,37.9693362804406,38.2549575526236,78.5635005763111,0.14198542543605,25.9670000000001,86316720,5.03999999999996
"realism",1,"reveal_75","gibbs_mic","realism-001-reveal_75-gibbs_mic",1104,852,252,0.080410426240199,0.0968210634176932,0.212960354001707,0.0464351067638748,25.9180000000001,86316720,4.98799999999983
"gamma",2,"reveal_75","gibbs_mic","gamma-002-reveal_75-gibbs_mic",1104,852,252,0.0911437733837278,0.0716670096609252,0.211816020481655,0.0322087365588686,26.449,81564384,5.05899999999997
"multiplicative_gamma",2,"reveal_75","gibbs_mic","multiplicative_gamma-002-reveal_75-gibbs_mic",1104,852,252,0.116353173228556,0.0849735905082386,0.295256030164574,0.0475445500706633,24.5170000000001,81564504,5.00900000000001
"horseshoe",2,"reveal_75","gibbs_mic","horseshoe-002-reveal_75-gibbs_mic",1104,852,252,200.562624753193,200.857101904112,419.420516637029,0.151469444198947,24.9819999999997,86316720,4.92800000000034
"realism",2,"reveal_75","gibbs_mic","realism-002-reveal_75-gibbs_mic",1104,852,252,0.0765152849739596,0.0549544193253508,0.219097866353307,0.0447581585419606,25.8130000000001,86316720,4.779
