"scenario","mask","adapter","quantity","eligible","unavailable","expected","missing_fits"
"gamma","reveal_25","gibbs","interaction_row_1104",1,1,2,0
"horseshoe","reveal_25","gibbs","interaction_row_1104",0,2,2,0
"multiplicative_gamma","reveal_25","gibbs","interaction_row_1104",1,1,2,0
"realism","reveal_25","gibbs","interaction_row_1104",0,2,2,0
"gamma","reveal_75","gibbs","interaction_row_1104",0,2,2,0
"horseshoe","reveal_75","gibbs","interaction_row_1104",0,2,2,0
"multiplicative_gamma","reveal_75","gibbs","interaction_row_1104",0,2,2,0
"realism","reveal_75","gibbs","interaction_row_1104",0,2,2,0
"gamma","reveal_25","gibbs_cmi","interaction_row_1104",0,2,2,0
"horseshoe","reveal_25","gibbs_cmi","interaction_row_1104",0,2,2,0
"multiplicative_gamma","reveal_25","gibbs_cmi","interaction_row_1104",1,1,2,0
"realism","reveal_25","gibbs_cmi","interaction_row_1104",0,2,2,0
"gamma","reveal_75","gibbs_cmi","interaction_row_1104",1,1,2,0
"horseshoe","reveal_75","gibbs_cmi","interaction_row_1104",0,2,2,0
"multiplicative_gamma","reveal_75","gibbs_cmi","interaction_row_1104",0,2,2,0
"realism","reveal_75","gibbs_cmi","interaction_row_1104",0,2,2,0
"gamma","reveal_25","gibbs_icm","interaction_row_1104",0,2,2,0
"horseshoe","reveal_25","gibbs_icm","interaction_row_1104",0,2,2,0
"multiplicative_gamma","reveal_25","gibbs_icm","interaction_row_1104",0,2,2,0
"realism","reveal_25","gibbs_icm","interaction_row_1104",0,2,2,0
"gamma","reveal_75","gibbs_icm","interaction_row_1104",0,2,2,0
"horseshoe","reveal_75","gibbs_icm","interaction_row_1104",0,2,2,0
"multiplicative_gamma","reveal_75","gibbs_icm","interaction_row_1104",1,1,2,0
"realism","reveal_75","gibbs_icm","interaction_row_1104",0,2,2,0
"gamma","reveal_25","gibbs_imc","interaction_row_1104",0,2,2,0
"horseshoe","reveal_25","gibbs_imc","interaction_row_1104",0,2,2,0
"multiplicative_gamma","reveal_25","gibbs_imc","interaction_row_1104",0,2,2,0
"realism","reveal_25","gibbs_imc","interaction_row_1104",0,2,2,0
"gamma","reveal_75","gibbs_imc","interaction_row_1104",1,1,2,0
"horseshoe","reveal_75","gibbs_imc","interaction_row_1104",0,2,2,0
"multiplicative_gamma","reveal_75","gibbs_imc","interaction_row_1104",0,2,2,0
"realism","reveal_75","gibbs_imc","interaction_row_1104",0,2,2,0
"gamma","reveal_25","gibbs_mci","interaction_row_1104",0,2,2,0
"horseshoe","reveal_25","gibbs_mci","interaction_row_1104",0,2,2,0
"multiplicative_gamma","reveal_25","gibbs_mci","interaction_row_1104",1,1,2,0
"realism","reveal_25","gibbs_mci","interaction_row_1104",0,2,2,0
"gamma","reveal_75","gibbs_mci","interaction_row_1104",0,2,2,0
"horseshoe","reveal_75","gibbs_mci","interaction_row_1104",0,2,2,0
"multiplicative_gamma","reveal_75","gibbs_mci","interaction_row_1104",0,2,2,0
"realism","reveal_75","gibbs_mci","interaction_row_1104",0,2,2,0
"gamma","reveal_25","gibbs_mic","interaction_row_1104",1,1,2,0
"horseshoe","reveal_25","gibbs_mic","interaction_row_1104",0,2,2,0
"multiplicative_gamma","reveal_25","gibbs_mic","interaction_row_1104",0,2,2,0
"realism","reveal_25","gibbs_mic","interaction_row_1104",0,2,2,0
"gamma","reveal_75","gibbs_mic","interaction_row_1104",1,1,2,0
"horseshoe","reveal_75","gibbs_mic","interaction_row_1104",0,2,2,0
"multiplicative_gamma","reveal_75","gibbs_mic","interaction_row_1104",1,1,2,0
"realism","reveal_75","gibbs_mic","interaction_row_1104",0,2,2,0
"gamma","reveal_25","gibbs","interaction_row_241",0,2,2,0
"horseshoe","reveal_25","gibbs","interaction_row_241",0,2,2,0
"multiplicative_gamma","reveal_25","gibbs","interaction_row_241",0,2,2,0
"realism","reveal_25","gibbs","interaction_row_241",0,2,2,0
"gamma","reveal_75","gibbs","interaction_row_241",0,2,2,0
"horseshoe","reveal_75","gibbs","interaction_row_241",0,2,2,0
"multiplicative_gamma","reveal_75","gibbs","interaction_row_241",1,1,2,0
"realism","reveal_75","gibbs","interaction_row_241",0,2,2,0
"gamma","reveal_25","gibbs_cmi","interaction_row_241",1,1,2,0
"horseshoe","reveal_25","gibbs_cmi","interaction_row_241",0,2,2,0
"multiplicative_gamma","reveal_25","gibbs_cmi","interaction_row_241",1,1,2,0
"realism","reveal_25","gibbs_cmi","interaction_row_241",0,2,2,0
"gamma","reveal_75","gibbs_cmi","interaction_row_241",1,1,2,0
"horseshoe","reveal_75","gibbs_cmi","interaction_row_241",0,2,2,0
"multiplicative_gamma","reveal_75","gibbs_cmi","interaction_row_241",1,1,2,0
"realism","reveal_75","gibbs_cmi","interaction_row_241",0,2,2,0
"gamma","reveal_25","gibbs_icm","interaction_row_241",0,2,2,0
"horseshoe","reveal_25","gibbs_icm","interaction_row_241",0,2,2,0
"multiplicative_gamma","reveal_25","gibbs_icm","interaction_row_241",1,1,2,0
"realism","reveal_25","gibbs_icm","interaction_row_241",0,2,2,0
"gamma","reveal_75","gibbs_icm","interaction_row_241",1,1,2,0
"horseshoe","reveal_75","gibbs_icm","interaction_row_241",0,2,2,0
"multiplicative_gamma","reveal_75","gibbs_icm","interaction_row_241",1,1,2,0
"realism","reveal_75","gibbs_icm","interaction_row_241",0,2,2,0
"gamma","reveal_25","gibbs_imc","interaction_row_241",0,2,2,0
"horseshoe","reveal_25","gibbs_imc","interaction_row_241",0,2,2,0
"multiplicative_gamma","reveal_25","gibbs_imc","interaction_row_241",2,0,2,0
"realism","reveal_25","gibbs_imc","interaction_row_241",0,2,2,0
"gamma","reveal_75","gibbs_imc","interaction_row_241",0,2,2,0
"horseshoe","reveal_75","gibbs_imc","interaction_row_241",0,2,2,0
"multiplicative_gamma","reveal_75","gibbs_imc","interaction_row_241",0,2,2,0
"realism","reveal_75","gibbs_imc","interaction_row_241",0,2,2,0
"gamma","reveal_25","gibbs_mci","interaction_row_241",0,2,2,0
"horseshoe","reveal_25","gibbs_mci","interaction_row_241",0,2,2,0
"multiplicative_gamma","reveal_25","gibbs_mci","interaction_row_241",0,2,2,0
"realism","reveal_25","gibbs_mci","interaction_row_241",0,2,2,0
"gamma","reveal_75","gibbs_mci","interaction_row_241",0,2,2,0
"horseshoe","reveal_75","gibbs_mci","interaction_row_241",0,2,2,0
"multiplicative_gamma","reveal_75","gibbs_mci","interaction_row_241",0,2,2,0
"realism","reveal_75","gibbs_mci","interaction_row_241",0,2,2,0
"gamma","reveal_25","gibbs_mic","interaction_row_241",0,2,2,0
"horseshoe","reveal_25","gibbs_mic","interaction_row_241",0,2,2,0
"multiplicative_gamma","reveal_25","gibbs_mic","interaction_row_241",2,0,2,0
"realism","reveal_25","gibbs_mic","interaction_row_241",0,2,2,0
"gamma","reveal_75","gibbs_mic","interaction_row_241",0,2,2,0
"horseshoe","reveal_75","gibbs_mic","interaction_row_241",0,2,2,0
"multiplicative_gamma","reveal_75","gibbs_mic","interaction_row_241",1,1,2,0
"realism","reveal_75","gibbs_mic","interaction_row_241",0,2,2,0
"gamma","reveal_25","gibbs","interaction_row_385",1,1,2,0
"horseshoe","reveal_25","gibbs","interaction_row_385",0,2,2,0
"multiplicative_gamma","reveal_25","gibbs","interaction_row_385",1,1,2,0
"realism","reveal_25","gibbs","interaction_row_385",0,2,2,0
"gamma","reveal_75","gibbs","interaction_row_385",0,2,2,0
"horseshoe","reveal_75","gibbs","interaction_row_385",0,2,2,0
"multiplicative_gamma","reveal_75","gibbs","interaction_row_385",0,2,2,0
"realism","reveal_75","gibbs","interaction_row_385",0,2,2,0
"gamma","reveal_25","gibbs_cmi","interaction_row_385",0,2,2,0
"horseshoe","reveal_25","gibbs_cmi","interaction_row_385",0,2,2,0
"multiplicative_gamma","reveal_25","gibbs_cmi","interaction_row_385",0,2,2,0
"realism","reveal_25","gibbs_cmi","interaction_row_385",0,2,2,0
"gamma","reveal_75","gibbs_cmi","interaction_row_385",1,1,2,0
"horseshoe","reveal_75","gibbs_cmi","interaction_row_385",0,2,2,0
"multiplicative_gamma","reveal_75","gibbs_cmi","interaction_row_385",1,1,2,0
"realism","reveal_75","gibbs_cmi","interaction_row_385",0,2,2,0
"gamma","reveal_25","gibbs_icm","interaction_row_385",0,2,2,0
"horseshoe","reveal_25","gibbs_icm","interaction_row_385",0,2,2,0
"multiplicative_gamma","reveal_25","gibbs_icm","interaction_row_385",1,1,2,0
"realism","reveal_25","gibbs_icm","interaction_row_385",0,2,2,0
"gamma","reveal_75","gibbs_icm","interaction_row_385",1,1,2,0
"horseshoe","reveal_75","gibbs_icm","interaction_row_385",0,2,2,0
"multiplicative_gamma","reveal_75","gibbs_icm","interaction_row_385",0,2,2,0
"realism","reveal_75","gibbs_icm","interaction_row_385",0,2,2,0
"gamma","reveal_25","gibbs_imc","interaction_row_385",0,2,2,0
"horseshoe","reveal_25","gibbs_imc","interaction_row_385",0,2,2,0
"multiplicative_gamma","reveal_25","gibbs_imc","interaction_row_385",2,0,2,0
"realism","reveal_25","gibbs_imc","interaction_row_385",0,2,2,0
"gamma","reveal_75","gibbs_imc","interaction_row_385",1,1,2,0
"horseshoe","reveal_75","gibbs_imc","interaction_row_385",0,2,2,0
"multiplicative_gamma","reveal_75","gibbs_imc","interaction_row_385",0,2,2,0
"realism","reveal_75","gibbs_imc","interaction_row_385",0,2,2,0
"gamma","reveal_25","gibbs_mci","interaction_row_385",1,1,2,0
"horseshoe","reveal_25","gibbs_mci","interaction_row_385",0,2,2,0
"multiplicative_gamma","reveal_25","gibbs_mci","interaction_row_385",1,1,2,0
"realism","reveal_25","gibbs_mci","interaction_row_385",0,2,2,0
"gamma","reveal_75","gibbs_mci","interaction_row_385",1,1,2,0
"horseshoe","reveal_75","gibbs_mci","interaction_row_385",0,2,2,0
"multiplicative_gamma","reveal_75","gibbs_mci","interaction_row_385",0,2,2,0
"realism","reveal_75","gibbs_mci","interaction_row_385",0,2,2,0
"gamma","reveal_25","gibbs_mic","interaction_row_385",0,2,2,0
"horseshoe","reveal_25","gibbs_mic","interaction_row_385",0,2,2,0
"multiplicative_gamma","reveal_25","gibbs_mic","interaction_row_385",1,1,2,0
"realism","reveal_25","gibbs_mic","interaction_row_385",0,2,2,0
"gamma","reveal_75","gibbs_mic","interaction_row_385",1,1,2,0
"horseshoe","reveal_75","gibbs_mic","interaction_row_385",0,2,2,0
"multiplicative_gamma","reveal_75","gibbs_mic","interaction_row_385",1,1,2,0
"realism","reveal_75","gibbs_mic","interaction_row_385",0,2,2,0
"gamma","reveal_25","gibbs","interaction_row_529",0,2,2,0
"horseshoe","reveal_25","gibbs","interaction_row_529",0,2,2,0
"multiplicative_gamma","reveal_25","gibbs","interaction_row_529",2,0,2,0
"realism","reveal_25","gibbs","interaction_row_529",0,2,2,0
"gamma","reveal_75","gibbs","interaction_row_529",0,2,2,0
"horseshoe","reveal_75","gibbs","interaction_row_529",0,2,2,0
"multiplicative_gamma","reveal_75","gibbs","interaction_row_529",1,1,2,0
"realism","reveal_75","gibbs","interaction_row_529",0,2,2,0
"gamma","reveal_25","gibbs_cmi","interaction_row_529",0,2,2,0
"horseshoe","reveal_25","gibbs_cmi","interaction_row_529",0,2,2,0
"multiplicative_gamma","reveal_25","gibbs_cmi","interaction_row_529",0,2,2,0
"realism","reveal_25","gibbs_cmi","interaction_row_529",0,2,2,0
"gamma","reveal_75","gibbs_cmi","interaction_row_529",0,2,2,0
"horseshoe","reveal_75","gibbs_cmi","interaction_row_529",0,2,2,0
"multiplicative_gamma","reveal_75","gibbs_cmi","interaction_row_529",0,2,2,0
"realism","reveal_75","gibbs_cmi","interaction_row_529",0,2,2,0
"gamma","reveal_25","gibbs_icm","interaction_row_529",1,1,2,0
"horseshoe","reveal_25","gibbs_icm","interaction_row_529",0,2,2,0
"multiplicative_gamma","reveal_25","gibbs_icm","interaction_row_529",1,1,2,0
"realism","reveal_25","gibbs_icm","interaction_row_529",0,2,2,0
"gamma","reveal_75","gibbs_icm","interaction_row_529",1,1,2,0
"horseshoe","reveal_75","gibbs_icm","interaction_row_529",0,2,2,0
"multiplicative_gamma","reveal_75","gibbs_icm","interaction_row_529",0,2,2,0
"realism","reveal_75","gibbs_icm","interaction_row_529",0,2,2,0
"gamma","reveal_25","gibbs_imc","interaction_row_529",1,1,2,0
"horseshoe","reveal_25","gibbs_imc","interaction_row_529",0,2,2,0
"multiplicative_gamma","reveal_25","gibbs_imc","interaction_row_529",1,1,2,0
"realism","reveal_25","gibbs_imc","interaction_row_529",0,2,2,0
"gamma","reveal_75","gibbs_imc","interaction_row_529",0,2,2,0
"horseshoe","reveal_75","gibbs_imc","interaction_row_529",0,2,2,0
"multiplicative_gamma","reveal_75","gibbs_imc","interaction_row_529",0,2,2,0
"realism","reveal_75","gibbs_imc","interaction_row_529",0,2,2,0
"gamma","reveal_25","gibbs_mci","interaction_row_529",0,2,2,0
"horseshoe","reveal_25","gibbs_mci","interaction_row_529",0,2,2,0
"multiplicative_gamma","reveal_25","gibbs_mci","interaction_row_529",1,1,2,0
"realism","reveal_25","gibbs_mci","interaction_row_529",0,2,2,0
"gamma","reveal_75","gibbs_mci","interaction_row_529",0,2,2,0
"horseshoe","reveal_75","gibbs_mci","interaction_row_529",0,2,2,0
"multiplicative_gamma","reveal_75","gibbs_mci","interaction_row_529",0,2,2,0
"realism","reveal_75","gibbs_mci","interaction_row_529",0,2,2,0
"gamma","reveal_25","gibbs_mic","interaction_row_529",0,2,2,0
"horseshoe","reveal_25","gibbs_mic","interaction_row_529",0,2,2,0
"multiplicative_gamma","reveal_25","gibbs_mic","interaction_row_529",2,0,2,0
"realism","reveal_25","gibbs_mic","interaction_row_529",0,2,2,0
"gamma","reveal_75","gibbs_mic","interaction_row_529",1,1,2,0
"horseshoe","reveal_75","gibbs_mic","interaction_row_529",0,2,2,0
"multiplicative_gamma","reveal_75","gibbs_mic","interaction_row_529",0,2,2,0
"realism","reveal_75","gibbs_mic","interaction_row_529",0,2,2,0
"gamma","reveal_25","gibbs","interaction_row_672",2,0,2,0
"horseshoe","reveal_25","gibbs","interaction_row_672",0,2,2,0
"multiplicative_gamma","reveal_25","gibbs","interaction_row_672",1,1,2,0
"realism","reveal_25","gibbs","interaction_row_672",0,2,2,0
"gamma","reveal_75","gibbs","interaction_row_672",0,2,2,0
"horseshoe","reveal_75","gibbs","interaction_row_672",0,2,2,0
"multiplicative_gamma","reveal_75","gibbs","interaction_row_672",1,1,2,0
"realism","reveal_75","gibbs","interaction_row_672",0,2,2,0
"gamma","reveal_25","gibbs_cmi","interaction_row_672",1,1,2,0
"horseshoe","reveal_25","gibbs_cmi","interaction_row_672",0,2,2,0
"multiplicative_gamma","reveal_25","gibbs_cmi","interaction_row_672",0,2,2,0
"realism","reveal_25","gibbs_cmi","interaction_row_672",0,2,2,0
"gamma","reveal_75","gibbs_cmi","interaction_row_672",0,2,2,0
"horseshoe","reveal_75","gibbs_cmi","interaction_row_672",0,2,2,0
"multiplicative_gamma","reveal_75","gibbs_cmi","interaction_row_672",1,1,2,0
"realism","reveal_75","gibbs_cmi","interaction_row_672",0,2,2,0
"gamma","reveal_25","gibbs_icm","interaction_row_672",1,1,2,0
"horseshoe","reveal_25","gibbs_icm","interaction_row_672",0,2,2,0
"multiplicative_gamma","reveal_25","gibbs_icm","interaction_row_672",2,0,2,0
"realism","reveal_25","gibbs_icm","interaction_row_672",0,2,2,0
"gamma","reveal_75","gibbs_icm","interaction_row_672",1,1,2,0
"horseshoe","reveal_75","gibbs_icm","interaction_row_672",0,2,2,0
"multiplicative_gamma","reveal_75","gibbs_icm","interaction_row_672",0,2,2,0
"realism","reveal_75","gibbs_icm","interaction_row_672",0,2,2,0
"gamma","reveal_25","gibbs_imc","interaction_row_672",2,0,2,0
"horseshoe","reveal_25","gibbs_imc","interaction_row_672",0,2,2,0
"multiplicative_gamma","reveal_25","gibbs_imc","interaction_row_672",1,1,2,0
"realism","reveal_25","gibbs_imc","interaction_row_672",0,2,2,0
"gamma","reveal_75","gibbs_imc","interaction_row_672",0,2,2,0
"horseshoe","reveal_75","gibbs_imc","interaction_row_672",0,2,2,0
"multiplicative_gamma","reveal_75","gibbs_imc","interaction_row_672",0,2,2,0
"realism","reveal_75","gibbs_imc","interaction_row_672",0,2,2,0
"gamma","reveal_25","gibbs_mci","interaction_row_672",1,1,2,0
"horseshoe","reveal_25","gibbs_mci","interaction_row_672",0,2,2,0
"multiplicative_gamma","reveal_25","gibbs_mci","interaction_row_672",0,2,2,0
"realism","reveal_25","gibbs_mci","interaction_row_672",0,2,2,0
"gamma","reveal_75","gibbs_mci","interaction_row_672",0,2,2,0
"horseshoe","reveal_75","gibbs_mci","interaction_row_672",0,2,2,0
"multiplicative_gamma","reveal_75","gibbs_mci","interaction_row_672",0,2,2,0
"realism","reveal_75","gibbs_mci","interaction_row_672",0,2,2,0
"gamma","reveal_25","gibbs_mic","interaction_row_672",1,1,2,0
"horseshoe","reveal_25","gibbs_mic","interaction_row_672",0,2,2,0
"multiplicative_gamma","reveal_25","gibbs_mic","interaction_row_672",1,1,2,0
"realism","reveal_25","gibbs_mic","interaction_row_672",0,2,2,0
"gamma","reveal_75","gibbs_mic","interaction_row_672",0,2,2,0
"horseshoe","reveal_75","gibbs_mic","interaction_row_672",0,2,2,0
"multiplicative_gamma","reveal_75","gibbs_mic","interaction_row_672",0,2,2,0
"realism","reveal_75","gibbs_mic","interaction_row_672",0,2,2,0
"gamma","reveal_25","gibbs","interaction_row_816",1,1,2,0
"horseshoe","reveal_25","gibbs","interaction_row_816",0,2,2,0
"multiplicative_gamma","reveal_25","gibbs","interaction_row_816",0,2,2,0
"realism","reveal_25","gibbs","interaction_row_816",0,2,2,0
"gamma","reveal_75","gibbs","interaction_row_816",0,2,2,0
"horseshoe","reveal_75","gibbs","interaction_row_816",0,2,2,0
"multiplicative_gamma","reveal_75","gibbs","interaction_row_816",0,2,2,0
"realism","reveal_75","gibbs","interaction_row_816",0,2,2,0
"gamma","reveal_25","gibbs_cmi","interaction_row_816",1,1,2,0
"horseshoe","reveal_25","gibbs_cmi","interaction_row_816",0,2,2,0
"multiplicative_gamma","reveal_25","gibbs_cmi","interaction_row_816",2,0,2,0
"realism","reveal_25","gibbs_cmi","interaction_row_816",0,2,2,0
"gamma","reveal_75","gibbs_cmi","interaction_row_816",0,2,2,0
"horseshoe","reveal_75","gibbs_cmi","interaction_row_816",0,2,2,0
"multiplicative_gamma","reveal_75","gibbs_cmi","interaction_row_816",0,2,2,0
"realism","reveal_75","gibbs_cmi","interaction_row_816",0,2,2,0
"gamma","reveal_25","gibbs_icm","interaction_row_816",0,2,2,0
"horseshoe","reveal_25","gibbs_icm","interaction_row_816",0,2,2,0
"multiplicative_gamma","reveal_25","gibbs_icm","interaction_row_816",1,1,2,0
"realism","reveal_25","gibbs_icm","interaction_row_816",0,2,2,0
"gamma","reveal_75","gibbs_icm","interaction_row_816",0,2,2,0
"horseshoe","reveal_75","gibbs_icm","interaction_row_816",0,2,2,0
"multiplicative_gamma","reveal_75","gibbs_icm","interaction_row_816",0,2,2,0
"realism","reveal_75","gibbs_icm","interaction_row_816",0,2,2,0
"gamma","reveal_25","gibbs_imc","interaction_row_816",1,1,2,0
"horseshoe","reveal_25","gibbs_imc","interaction_row_816",0,2,2,0
"multiplicative_gamma","reveal_25","gibbs_imc","interaction_row_816",1,1,2,0
"realism","reveal_25","gibbs_imc","interaction_row_816",0,2,2,0
"gamma","reveal_75","gibbs_imc","interaction_row_816",1,1,2,0
"horseshoe","reveal_75","gibbs_imc","interaction_row_816",0,2,2,0
"multiplicative_gamma","reveal_75","gibbs_imc","interaction_row_816",0,2,2,0
"realism","reveal_75","gibbs_imc","interaction_row_816",0,2,2,0
"gamma","reveal_25","gibbs_mci","interaction_row_816",1,1,2,0
"horseshoe","reveal_25","gibbs_mci","interaction_row_816",0,2,2,0
"multiplicative_gamma","reveal_25","gibbs_mci","interaction_row_816",1,1,2,0
"realism","reveal_25","gibbs_mci","interaction_row_816",0,2,2,0
"gamma","reveal_75","gibbs_mci","interaction_row_816",0,2,2,0
"horseshoe","reveal_75","gibbs_mci","interaction_row_816",0,2,2,0
"multiplicative_gamma","reveal_75","gibbs_mci","interaction_row_816",0,2,2,0
"realism","reveal_75","gibbs_mci","interaction_row_816",0,2,2,0
"gamma","reveal_25","gibbs_mic","interaction_row_816",0,2,2,0
"horseshoe","reveal_25","gibbs_mic","interaction_row_816",0,2,2,0
"multiplicative_gamma","reveal_25","gibbs_mic","interaction_row_816",0,2,2,0
"realism","reveal_25","gibbs_mic","interaction_row_816",0,2,2,0
"gamma","reveal_75","gibbs_mic","interaction_row_816",1,1,2,0
"horseshoe","reveal_75","gibbs_mic","interaction_row_816",0,2,2,0
"multiplicative_gamma","reveal_75","gibbs_mic","interaction_row_816",0,2,2,0
"realism","reveal_75","gibbs_mic","interaction_row_816",0,2,2,0
"gamma","reveal_25","gibbs","interaction_row_960",1,1,2,0
"horseshoe","reveal_25","gibbs","interaction_row_960",0,2,2,0
"multiplicative_gamma","reveal_25","gibbs","interaction_row_960",1,1,2,0
"realism","reveal_25","gibbs","interaction_row_960",0,2,2,0
"gamma","reveal_75","gibbs","interaction_row_960",0,2,2,0
"horseshoe","reveal_75","gibbs","interaction_row_960",0,2,2,0
"multiplicative_gamma","reveal_75","gibbs","interaction_row_960",0,2,2,0
"realism","reveal_75","gibbs","interaction_row_960",0,2,2,0
"gamma","reveal_25","gibbs_cmi","interaction_row_960",0,2,2,0
"horseshoe","reveal_25","gibbs_cmi","interaction_row_960",0,2,2,0
"multiplicative_gamma","reveal_25","gibbs_cmi","interaction_row_960",1,1,2,0
"realism","reveal_25","gibbs_cmi","interaction_row_960",0,2,2,0
"gamma","reveal_75","gibbs_cmi","interaction_row_960",0,2,2,0
"horseshoe","reveal_75","gibbs_cmi","interaction_row_960",0,2,2,0
"multiplicative_gamma","reveal_75","gibbs_cmi","interaction_row_960",0,2,2,0
"realism","reveal_75","gibbs_cmi","interaction_row_960",0,2,2,0
"gamma","reveal_25","gibbs_icm","interaction_row_960",1,1,2,0
"horseshoe","reveal_25","gibbs_icm","interaction_row_960",0,2,2,0
"multiplicative_gamma","reveal_25","gibbs_icm","interaction_row_960",1,1,2,0
"realism","reveal_25","gibbs_icm","interaction_row_960",0,2,2,0
"gamma","reveal_75","gibbs_icm","interaction_row_960",0,2,2,0
"horseshoe","reveal_75","gibbs_icm","interaction_row_960",0,2,2,0
"multiplicative_gamma","reveal_75","gibbs_icm","interaction_row_960",1,1,2,0
"realism","reveal_75","gibbs_icm","interaction_row_960",0,2,2,0
"gamma","reveal_25","gibbs_imc","interaction_row_960",1,1,2,0
"horseshoe","reveal_25","gibbs_imc","interaction_row_960",0,2,2,0
"multiplicative_gamma","reveal_25","gibbs_imc","interaction_row_960",0,2,2,0
"realism","reveal_25","gibbs_imc","interaction_row_960",0,2,2,0
"gamma","reveal_75","gibbs_imc","interaction_row_960",0,2,2,0
"horseshoe","reveal_75","gibbs_imc","interaction_row_960",0,2,2,0
"multiplicative_gamma","reveal_75","gibbs_imc","interaction_row_960",0,2,2,0
"realism","reveal_75","gibbs_imc","interaction_row_960",0,2,2,0
"gamma","reveal_25","gibbs_mci","interaction_row_960",1,1,2,0
"horseshoe","reveal_25","gibbs_mci","interaction_row_960",0,2,2,0
"multiplicative_gamma","reveal_25","gibbs_mci","interaction_row_960",0,2,2,0
"realism","reveal_25","gibbs_mci","interaction_row_960",0,2,2,0
"gamma","reveal_75","gibbs_mci","interaction_row_960",0,2,2,0
"horseshoe","reveal_75","gibbs_mci","interaction_row_960",0,2,2,0
"multiplicative_gamma","reveal_75","gibbs_mci","interaction_row_960",0,2,2,0
"realism","reveal_75","gibbs_mci","interaction_row_960",0,2,2,0
"gamma","reveal_25","gibbs_mic","interaction_row_960",1,1,2,0
"horseshoe","reveal_25","gibbs_mic","interaction_row_960",0,2,2,0
"multiplicative_gamma","reveal_25","gibbs_mic","interaction_row_960",1,1,2,0
"realism","reveal_25","gibbs_mic","interaction_row_960",0,2,2,0
"gamma","reveal_75","gibbs_mic","interaction_row_960",0,2,2,0
"horseshoe","reveal_75","gibbs_mic","interaction_row_960",0,2,2,0
"multiplicative_gamma","reveal_75","gibbs_mic","interaction_row_960",0,2,2,0
"realism","reveal_75","gibbs_mic","interaction_row_960",0,2,2,0
"gamma","reveal_25","gibbs","interaction_row_97",0,2,2,0
"horseshoe","reveal_25","gibbs","interaction_row_97",0,2,2,0
"multiplicative_gamma","reveal_25","gibbs","interaction_row_97",1,1,2,0
"realism","reveal_25","gibbs","interaction_row_97",0,2,2,0
"gamma","reveal_75","gibbs","interaction_row_97",0,2,2,0
"horseshoe","reveal_75","gibbs","interaction_row_97",0,2,2,0
"multiplicative_gamma","reveal_75","gibbs","interaction_row_97",0,2,2,0
"realism","reveal_75","gibbs","interaction_row_97",0,2,2,0
"gamma","reveal_25","gibbs_cmi","interaction_row_97",1,1,2,0
"horseshoe","reveal_25","gibbs_cmi","interaction_row_97",0,2,2,0
"multiplicative_gamma","reveal_25","gibbs_cmi","interaction_row_97",2,0,2,0
"realism","reveal_25","gibbs_cmi","interaction_row_97",0,2,2,0
"gamma","reveal_75","gibbs_cmi","interaction_row_97",0,2,2,0
"horseshoe","reveal_75","gibbs_cmi","interaction_row_97",0,2,2,0
"multiplicative_gamma","reveal_75","gibbs_cmi","interaction_row_97",0,2,2,0
"realism","reveal_75","gibbs_cmi","interaction_row_97",0,2,2,0
"gamma","reveal_25","gibbs_icm","interaction_row_97",0,2,2,0
"horseshoe","reveal_25","gibbs_icm","interaction_row_97",0,2,2,0
"multiplicative_gamma","reveal_25","gibbs_icm","interaction_row_97",0,2,2,0
"realism","reveal_25","gibbs_icm","interaction_row_97",0,2,2,0
"gamma","reveal_75","gibbs_icm","interaction_row_97",1,1,2,0
"horseshoe","reveal_75","gibbs_icm","interaction_row_97",0,2,2,0
"multiplicative_gamma","reveal_75","gibbs_icm","interaction_row_97",0,2,2,0
"realism","reveal_75","gibbs_icm","interaction_row_97",0,2,2,0
"gamma","reveal_25","gibbs_imc","interaction_row_97",1,1,2,0
"horseshoe","reveal_25","gibbs_imc","interaction_row_97",0,2,2,0
"multiplicative_gamma","reveal_25","gibbs_imc","interaction_row_97",2,0,2,0
"realism","reveal_25","gibbs_imc","interaction_row_97",0,2,2,0
"gamma","reveal_75","gibbs_imc","interaction_row_97",1,1,2,0
"horseshoe","reveal_75","gibbs_imc","interaction_row_97",0,2,2,0
"multiplicative_gamma","reveal_75","gibbs_imc","interaction_row_97",0,2,2,0
"realism","reveal_75","gibbs_imc","interaction_row_97",0,2,2,0
"gamma","reveal_25","gibbs_mci","interaction_row_97",0,2,2,0
"horseshoe","reveal_25","gibbs_mci","interaction_row_97",0,2,2,0
"multiplicative_gamma","reveal_25","gibbs_mci","interaction_row_97",0,2,2,0
"realism","reveal_25","gibbs_mci","interaction_row_97",0,2,2,0
"gamma","reveal_75","gibbs_mci","interaction_row_97",0,2,2,0
"horseshoe","reveal_75","gibbs_mci","interaction_row_97",0,2,2,0
"multiplicative_gamma","reveal_75","gibbs_mci","interaction_row_97",1,1,2,0
"realism","reveal_75","gibbs_mci","interaction_row_97",0,2,2,0
"gamma","reveal_25","gibbs_mic","interaction_row_97",0,2,2,0
"horseshoe","reveal_25","gibbs_mic","interaction_row_97",0,2,2,0
"multiplicative_gamma","reveal_25","gibbs_mic","interaction_row_97",1,1,2,0
"realism","reveal_25","gibbs_mic","interaction_row_97",0,2,2,0
"gamma","reveal_75","gibbs_mic","interaction_row_97",1,1,2,0
"horseshoe","reveal_75","gibbs_mic","interaction_row_97",0,2,2,0
"multiplicative_gamma","reveal_75","gibbs_mic","interaction_row_97",0,2,2,0
"realism","reveal_75","gibbs_mic","interaction_row_97",0,2,2,0
"gamma","reveal_25","gibbs","mean_row_1",1,1,2,0
"horseshoe","reveal_25","gibbs","mean_row_1",0,2,2,0
"multiplicative_gamma","reveal_25","gibbs","mean_row_1",1,1,2,0
"realism","reveal_25","gibbs","mean_row_1",0,2,2,0
"gamma","reveal_75","gibbs","mean_row_1",1,1,2,0
"horseshoe","reveal_75","gibbs","mean_row_1",0,2,2,0
"multiplicative_gamma","reveal_75","gibbs","mean_row_1",0,2,2,0
"realism","reveal_75","gibbs","mean_row_1",0,2,2,0
"gamma","reveal_25","gibbs_cmi","mean_row_1",1,1,2,0
"horseshoe","reveal_25","gibbs_cmi","mean_row_1",0,2,2,0
"multiplicative_gamma","reveal_25","gibbs_cmi","mean_row_1",1,1,2,0
"realism","reveal_25","gibbs_cmi","mean_row_1",0,2,2,0
"gamma","reveal_75","gibbs_cmi","mean_row_1",0,2,2,0
"horseshoe","reveal_75","gibbs_cmi","mean_row_1",0,2,2,0
"multiplicative_gamma","reveal_75","gibbs_cmi","mean_row_1",0,2,2,0
"realism","reveal_75","gibbs_cmi","mean_row_1",0,2,2,0
"gamma","reveal_25","gibbs_icm","mean_row_1",0,2,2,0
"horseshoe","reveal_25","gibbs_icm","mean_row_1",0,2,2,0
"multiplicative_gamma","reveal_25","gibbs_icm","mean_row_1",1,1,2,0
"realism","reveal_25","gibbs_icm","mean_row_1",0,2,2,0
"gamma","reveal_75","gibbs_icm","mean_row_1",0,2,2,0
"horseshoe","reveal_75","gibbs_icm","mean_row_1",0,2,2,0
"multiplicative_gamma","reveal_75","gibbs_icm","mean_row_1",1,1,2,0
"realism","reveal_75","gibbs_icm","mean_row_1",0,2,2,0
"gamma","reveal_25","gibbs_imc","mean_row_1",0,2,2,0
"horseshoe","reveal_25","gibbs_imc","mean_row_1",0,2,2,0
"multiplicative_gamma","reveal_25","gibbs_imc","mean_row_1",2,0,2,0
"realism","reveal_25","gibbs_imc","mean_row_1",0,2,2,0
"gamma","reveal_75","gibbs_imc","mean_row_1",1,1,2,0
"horseshoe","reveal_75","gibbs_imc","mean_row_1",0,2,2,0
"multiplicative_gamma","reveal_75","gibbs_imc","mean_row_1",0,2,2,0
"realism","reveal_75","gibbs_imc","mean_row_1",0,2,2,0
"gamma","reveal_25","gibbs_mci","mean_row_1",0,2,2,0
"horseshoe","reveal_25","gibbs_mci","mean_row_1",0,2,2,0
"multiplicative_gamma","reveal_25","gibbs_mci","mean_row_1",0,2,2,0
"realism","reveal_25","gibbs_mci","mean_row_1",0,2,2,0
"gamma","reveal_75","gibbs_mci","mean_row_1",0,2,2,0
"horseshoe","reveal_75","gibbs_mci","mean_row_1",0,2,2,0
"multiplicative_gamma","reveal_75","gibbs_mci","mean_row_1",0,2,2,0
"realism","reveal_75","gibbs_mci","mean_row_1",0,2,2,0
"gamma","reveal_25","gibbs_mic","mean_row_1",1,1,2,0
"horseshoe","reveal_25","gibbs_mic","mean_row_1",0,2,2,0
"multiplicative_gamma","reveal_25","gibbs_mic","mean_row_1",1,1,2,0
"realism","reveal_25","gibbs_mic","mean_row_1",0,2,2,0
"gamma","reveal_75","gibbs_mic","mean_row_1",0,2,2,0
"horseshoe","reveal_75","gibbs_mic","mean_row_1",0,2,2,0
"multiplicative_gamma","reveal_75","gibbs_mic","mean_row_1",1,1,2,0
"realism","reveal_75","gibbs_mic","mean_row_1",0,2,2,0
"gamma","reveal_25","gibbs","mean_row_1104",1,1,2,0
"horseshoe","reveal_25","gibbs","mean_row_1104",0,2,2,0
"multiplicative_gamma","reveal_25","gibbs","mean_row_1104",1,1,2,0
"realism","reveal_25","gibbs","mean_row_1104",0,2,2,0
"gamma","reveal_75","gibbs","mean_row_1104",1,1,2,0
"horseshoe","reveal_75","gibbs","mean_row_1104",0,2,2,0
"multiplicative_gamma","reveal_75","gibbs","mean_row_1104",0,2,2,0
"realism","reveal_75","gibbs","mean_row_1104",0,2,2,0
"gamma","reveal_25","gibbs_cmi","mean_row_1104",2,0,2,0
"horseshoe","reveal_25","gibbs_cmi","mean_row_1104",0,2,2,0
"multiplicative_gamma","reveal_25","gibbs_cmi","mean_row_1104",0,2,2,0
"realism","reveal_25","gibbs_cmi","mean_row_1104",0,2,2,0
"gamma","reveal_75","gibbs_cmi","mean_row_1104",1,1,2,0
"horseshoe","reveal_75","gibbs_cmi","mean_row_1104",0,2,2,0
"multiplicative_gamma","reveal_75","gibbs_cmi","mean_row_1104",1,1,2,0
"realism","reveal_75","gibbs_cmi","mean_row_1104",0,2,2,0
"gamma","reveal_25","gibbs_icm","mean_row_1104",0,2,2,0
"horseshoe","reveal_25","gibbs_icm","mean_row_1104",0,2,2,0
"multiplicative_gamma","reveal_25","gibbs_icm","mean_row_1104",0,2,2,0
"realism","reveal_25","gibbs_icm","mean_row_1104",0,2,2,0
"gamma","reveal_75","gibbs_icm","mean_row_1104",1,1,2,0
"horseshoe","reveal_75","gibbs_icm","mean_row_1104",0,2,2,0
"multiplicative_gamma","reveal_75","gibbs_icm","mean_row_1104",2,0,2,0
"realism","reveal_75","gibbs_icm","mean_row_1104",0,2,2,0
"gamma","reveal_25","gibbs_imc","mean_row_1104",0,2,2,0
"horseshoe","reveal_25","gibbs_imc","mean_row_1104",0,2,2,0
"multiplicative_gamma","reveal_25","gibbs_imc","mean_row_1104",0,2,2,0
"realism","reveal_25","gibbs_imc","mean_row_1104",0,2,2,0
"gamma","reveal_75","gibbs_imc","mean_row_1104",0,2,2,0
"horseshoe","reveal_75","gibbs_imc","mean_row_1104",0,2,2,0
"multiplicative_gamma","reveal_75","gibbs_imc","mean_row_1104",1,1,2,0
"realism","reveal_75","gibbs_imc","mean_row_1104",0,2,2,0
"gamma","reveal_25","gibbs_mci","mean_row_1104",0,2,2,0
"horseshoe","reveal_25","gibbs_mci","mean_row_1104",0,2,2,0
"multiplicative_gamma","reveal_25","gibbs_mci","mean_row_1104",1,1,2,0
"realism","reveal_25","gibbs_mci","mean_row_1104",0,2,2,0
"gamma","reveal_75","gibbs_mci","mean_row_1104",1,1,2,0
"horseshoe","reveal_75","gibbs_mci","mean_row_1104",0,2,2,0
"multiplicative_gamma","reveal_75","gibbs_mci","mean_row_1104",0,2,2,0
"realism","reveal_75","gibbs_mci","mean_row_1104",0,2,2,0
"gamma","reveal_25","gibbs_mic","mean_row_1104",0,2,2,0
"horseshoe","reveal_25","gibbs_mic","mean_row_1104",0,2,2,0
"multiplicative_gamma","reveal_25","gibbs_mic","mean_row_1104",1,1,2,0
"realism","reveal_25","gibbs_mic","mean_row_1104",0,2,2,0
"gamma","reveal_75","gibbs_mic","mean_row_1104",1,1,2,0
"horseshoe","reveal_75","gibbs_mic","mean_row_1104",0,2,2,0
"multiplicative_gamma","reveal_75","gibbs_mic","mean_row_1104",1,1,2,0
"realism","reveal_75","gibbs_mic","mean_row_1104",0,2,2,0
"gamma","reveal_25","gibbs","mean_row_159",2,0,2,0
"horseshoe","reveal_25","gibbs","mean_row_159",0,2,2,0
"multiplicative_gamma","reveal_25","gibbs","mean_row_159",1,1,2,0
"realism","reveal_25","gibbs","mean_row_159",0,2,2,0
"gamma","reveal_75","gibbs","mean_row_159",1,1,2,0
"horseshoe","reveal_75","gibbs","mean_row_159",0,2,2,0
"multiplicative_gamma","reveal_75","gibbs","mean_row_159",1,1,2,0
"realism","reveal_75","gibbs","mean_row_159",0,2,2,0
"gamma","reveal_25","gibbs_cmi","mean_row_159",1,1,2,0
"horseshoe","reveal_25","gibbs_cmi","mean_row_159",0,2,2,0
"multiplicative_gamma","reveal_25","gibbs_cmi","mean_row_159",1,1,2,0
"realism","reveal_25","gibbs_cmi","mean_row_159",0,2,2,0
"gamma","reveal_75","gibbs_cmi","mean_row_159",1,1,2,0
"horseshoe","reveal_75","gibbs_cmi","mean_row_159",0,2,2,0
"multiplicative_gamma","reveal_75","gibbs_cmi","mean_row_159",2,0,2,0
"realism","reveal_75","gibbs_cmi","mean_row_159",0,2,2,0
"gamma","reveal_25","gibbs_icm","mean_row_159",1,1,2,0
"horseshoe","reveal_25","gibbs_icm","mean_row_159",0,2,2,0
"multiplicative_gamma","reveal_25","gibbs_icm","mean_row_159",1,1,2,0
"realism","reveal_25","gibbs_icm","mean_row_159",0,2,2,0
"gamma","reveal_75","gibbs_icm","mean_row_159",2,0,2,0
"horseshoe","reveal_75","gibbs_icm","mean_row_159",0,2,2,0
"multiplicative_gamma","reveal_75","gibbs_icm","mean_row_159",1,1,2,0
"realism","reveal_75","gibbs_icm","mean_row_159",0,2,2,0
"gamma","reveal_25","gibbs_imc","mean_row_159",2,0,2,0
"horseshoe","reveal_25","gibbs_imc","mean_row_159",0,2,2,0
"multiplicative_gamma","reveal_25","gibbs_imc","mean_row_159",2,0,2,0
"realism","reveal_25","gibbs_imc","mean_row_159",0,2,2,0
"gamma","reveal_75","gibbs_imc","mean_row_159",0,2,2,0
"horseshoe","reveal_75","gibbs_imc","mean_row_159",0,2,2,0
"multiplicative_gamma","reveal_75","gibbs_imc","mean_row_159",0,2,2,0
"realism","reveal_75","gibbs_imc","mean_row_159",0,2,2,0
"gamma","reveal_25","gibbs_mci","mean_row_159",2,0,2,0
"horseshoe","reveal_25","gibbs_mci","mean_row_159",0,2,2,0
"multiplicative_gamma","reveal_25","gibbs_mci","mean_row_159",1,1,2,0
"realism","reveal_25","gibbs_mci","mean_row_159",0,2,2,0
"gamma","reveal_75","gibbs_mci","mean_row_159",2,0,2,0
"horseshoe","reveal_75","gibbs_mci","mean_row_159",0,2,2,0
"multiplicative_gamma","reveal_75","gibbs_mci","mean_row_159",1,1,2,0
"realism","reveal_75","gibbs_mci","mean_row_159",0,2,2,0
"gamma","reveal_25","gibbs_mic","mean_row_159",2,0,2,0
"horseshoe","reveal_25","gibbs_mic","mean_row_159",0,2,2,0
"multiplicative_gamma","reveal_25","gibbs_mic","mean_row_159",1,1,2,0
"realism","reveal_25","gibbs_mic","mean_row_159",0,2,2,0
"gamma","reveal_75","gibbs_mic","mean_row_159",2,0,2,0
"horseshoe","reveal_75","gibbs_mic","mean_row_159",0,2,2,0
"multiplicative_gamma","reveal_75","gibbs_mic","mean_row_159",1,1,2,0
"realism","reveal_75","gibbs_mic","mean_row_159",0,2,2,0
"gamma","reveal_25","gibbs","mean_row_316",0,2,2,0
"horseshoe","reveal_25","gibbs","mean_row_316",0,2,2,0
"multiplicative_gamma","reveal_25","gibbs","mean_row_316",2,0,2,0
"realism","reveal_25","gibbs","mean_row_316",0,2,2,0
"gamma","reveal_75","gibbs","mean_row_316",1,1,2,0
"horseshoe","reveal_75","gibbs","mean_row_316",0,2,2,0
"multiplicative_gamma","reveal_75","gibbs","mean_row_316",0,2,2,0
"realism","reveal_75","gibbs","mean_row_316",0,2,2,0
"gamma","reveal_25","gibbs_cmi","mean_row_316",1,1,2,0
"horseshoe","reveal_25","gibbs_cmi","mean_row_316",0,2,2,0
"multiplicative_gamma","reveal_25","gibbs_cmi","mean_row_316",2,0,2,0
"realism","reveal_25","gibbs_cmi","mean_row_316",0,2,2,0
"gamma","reveal_75","gibbs_cmi","mean_row_316",1,1,2,0
"horseshoe","reveal_75","gibbs_cmi","mean_row_316",0,2,2,0
"multiplicative_gamma","reveal_75","gibbs_cmi","mean_row_316",0,2,2,0
"realism","reveal_75","gibbs_cmi","mean_row_316",0,2,2,0
"gamma","reveal_25","gibbs_icm","mean_row_316",1,1,2,0
"horseshoe","reveal_25","gibbs_icm","mean_row_316",0,2,2,0
"multiplicative_gamma","reveal_25","gibbs_icm","mean_row_316",2,0,2,0
"realism","reveal_25","gibbs_icm","mean_row_316",0,2,2,0
"gamma","reveal_75","gibbs_icm","mean_row_316",1,1,2,0
"horseshoe","reveal_75","gibbs_icm","mean_row_316",0,2,2,0
"multiplicative_gamma","reveal_75","gibbs_icm","mean_row_316",1,1,2,0
"realism","reveal_75","gibbs_icm","mean_row_316",0,2,2,0
"gamma","reveal_25","gibbs_imc","mean_row_316",0,2,2,0
"horseshoe","reveal_25","gibbs_imc","mean_row_316",0,2,2,0
"multiplicative_gamma","reveal_25","gibbs_imc","mean_row_316",1,1,2,0
"realism","reveal_25","gibbs_imc","mean_row_316",0,2,2,0
"gamma","reveal_75","gibbs_imc","mean_row_316",1,1,2,0
"horseshoe","reveal_75","gibbs_imc","mean_row_316",0,2,2,0
"multiplicative_gamma","reveal_75","gibbs_imc","mean_row_316",0,2,2,0
"realism","reveal_75","gibbs_imc","mean_row_316",0,2,2,0
"gamma","reveal_25","gibbs_mci","mean_row_316",1,1,2,0
"horseshoe","reveal_25","gibbs_mci","mean_row_316",0,2,2,0
"multiplicative_gamma","reveal_25","gibbs_mci","mean_row_316",1,1,2,0
"realism","reveal_25","gibbs_mci","mean_row_316",0,2,2,0
"gamma","reveal_75","gibbs_mci","mean_row_316",0,2,2,0
"horseshoe","reveal_75","gibbs_mci","mean_row_316",0,2,2,0
"multiplicative_gamma","reveal_75","gibbs_mci","mean_row_316",0,2,2,0
"realism","reveal_75","gibbs_mci","mean_row_316",0,2,2,0
"gamma","reveal_25","gibbs_mic","mean_row_316",0,2,2,0
"horseshoe","reveal_25","gibbs_mic","mean_row_316",0,2,2,0
"multiplicative_gamma","reveal_25","gibbs_mic","mean_row_316",1,1,2,0
"realism","reveal_25","gibbs_mic","mean_row_316",0,2,2,0
"gamma","reveal_75","gibbs_mic","mean_row_316",1,1,2,0
"horseshoe","reveal_75","gibbs_mic","mean_row_316",0,2,2,0
"multiplicative_gamma","reveal_75","gibbs_mic","mean_row_316",0,2,2,0
"realism","reveal_75","gibbs_mic","mean_row_316",0,2,2,0
"gamma","reveal_25","gibbs","mean_row_474",1,1,2,0
"horseshoe","reveal_25","gibbs","mean_row_474",0,2,2,0
"multiplicative_gamma","reveal_25","gibbs","mean_row_474",1,1,2,0
"realism","reveal_25","gibbs","mean_row_474",0,2,2,0
"gamma","reveal_75","gibbs","mean_row_474",0,2,2,0
"horseshoe","reveal_75","gibbs","mean_row_474",0,2,2,0
"multiplicative_gamma","reveal_75","gibbs","mean_row_474",1,1,2,0
"realism","reveal_75","gibbs","mean_row_474",0,2,2,0
"gamma","reveal_25","gibbs_cmi","mean_row_474",1,1,2,0
"horseshoe","reveal_25","gibbs_cmi","mean_row_474",0,2,2,0
"multiplicative_gamma","reveal_25","gibbs_cmi","mean_row_474",1,1,2,0
"realism","reveal_25","gibbs_cmi","mean_row_474",0,2,2,0
"gamma","reveal_75","gibbs_cmi","mean_row_474",2,0,2,0
"horseshoe","reveal_75","gibbs_cmi","mean_row_474",0,2,2,0
"multiplicative_gamma","reveal_75","gibbs_cmi","mean_row_474",1,1,2,0
"realism","reveal_75","gibbs_cmi","mean_row_474",0,2,2,0
"gamma","reveal_25","gibbs_icm","mean_row_474",2,0,2,0
"horseshoe","reveal_25","gibbs_icm","mean_row_474",0,2,2,0
"multiplicative_gamma","reveal_25","gibbs_icm","mean_row_474",2,0,2,0
"realism","reveal_25","gibbs_icm","mean_row_474",0,2,2,0
"gamma","reveal_75","gibbs_icm","mean_row_474",0,2,2,0
"horseshoe","reveal_75","gibbs_icm","mean_row_474",0,2,2,0
"multiplicative_gamma","reveal_75","gibbs_icm","mean_row_474",1,1,2,0
"realism","reveal_75","gibbs_icm","mean_row_474",0,2,2,0
"gamma","reveal_25","gibbs_imc","mean_row_474",0,2,2,0
"horseshoe","reveal_25","gibbs_imc","mean_row_474",0,2,2,0
"multiplicative_gamma","reveal_25","gibbs_imc","mean_row_474",2,0,2,0
"realism","reveal_25","gibbs_imc","mean_row_474",0,2,2,0
"gamma","reveal_75","gibbs_imc","mean_row_474",1,1,2,0
"horseshoe","reveal_75","gibbs_imc","mean_row_474",0,2,2,0
"multiplicative_gamma","reveal_75","gibbs_imc","mean_row_474",0,2,2,0
"realism","reveal_75","gibbs_imc","mean_row_474",0,2,2,0
"gamma","reveal_25","gibbs_mci","mean_row_474",2,0,2,0
"horseshoe","reveal_25","gibbs_mci","mean_row_474",0,2,2,0
"multiplicative_gamma","reveal_25","gibbs_mci","mean_row_474",1,1,2,0
"realism","reveal_25","gibbs_mci","mean_row_474",0,2,2,0
"gamma","reveal_75","gibbs_mci","mean_row_474",1,1,2,0
"horseshoe","reveal_75","gibbs_mci","mean_row_474",0,2,2,0
"multiplicative_gamma","reveal_75","gibbs_mci","mean_row_474",1,1,2,0
"realism","reveal_75","gibbs_mci","mean_row_474",0,2,2,0
"gamma","reveal_25","gibbs_mic","mean_row_474",0,2,2,0
"horseshoe","reveal_25","gibbs_mic","mean_row_474",0,2,2,0
"multiplicative_gamma","reveal_25","gibbs_mic","mean_row_474",1,1,2,0
"realism","reveal_25","gibbs_mic","mean_row_474",0,2,2,0
"gamma","reveal_75","gibbs_mic","mean_row_474",0,2,2,0
"horseshoe","reveal_75","gibbs_mic","mean_row_474",0,2,2,0
"multiplicative_gamma","reveal_75","gibbs_mic","mean_row_474",1,1,2,0
"realism","reveal_75","gibbs_mic","mean_row_474",0,2,2,0
"gamma","reveal_25","gibbs","mean_row_631",2,0,2,0
"horseshoe","reveal_25","gibbs","mean_row_631",0,2,2,0
"multiplicative_gamma","reveal_25","gibbs","mean_row_631",1,1,2,0
"realism","reveal_25","gibbs","mean_row_631",0,2,2,0
"gamma","reveal_75","gibbs","mean_row_631",0,2,2,0
"horseshoe","reveal_75","gibbs","mean_row_631",0,2,2,0
"multiplicative_gamma","reveal_75","gibbs","mean_row_631",0,2,2,0
"realism","reveal_75","gibbs","mean_row_631",0,2,2,0
"gamma","reveal_25","gibbs_cmi","mean_row_631",0,2,2,0
"horseshoe","reveal_25","gibbs_cmi","mean_row_631",0,2,2,0
"multiplicative_gamma","reveal_25","gibbs_cmi","mean_row_631",0,2,2,0
"realism","reveal_25","gibbs_cmi","mean_row_631",0,2,2,0
"gamma","reveal_75","gibbs_cmi","mean_row_631",0,2,2,0
"horseshoe","reveal_75","gibbs_cmi","mean_row_631",0,2,2,0
"multiplicative_gamma","reveal_75","gibbs_cmi","mean_row_631",1,1,2,0
"realism","reveal_75","gibbs_cmi","mean_row_631",0,2,2,0
"gamma","reveal_25","gibbs_icm","mean_row_631",1,1,2,0
"horseshoe","reveal_25","gibbs_icm","mean_row_631",0,2,2,0
"multiplicative_gamma","reveal_25","gibbs_icm","mean_row_631",0,2,2,0
"realism","reveal_25","gibbs_icm","mean_row_631",0,2,2,0
"gamma","reveal_75","gibbs_icm","mean_row_631",1,1,2,0
"horseshoe","reveal_75","gibbs_icm","mean_row_631",0,2,2,0
"multiplicative_gamma","reveal_75","gibbs_icm","mean_row_631",0,2,2,0
"realism","reveal_75","gibbs_icm","mean_row_631",0,2,2,0
"gamma","reveal_25","gibbs_imc","mean_row_631",1,1,2,0
"horseshoe","reveal_25","gibbs_imc","mean_row_631",0,2,2,0
"multiplicative_gamma","reveal_25","gibbs_imc","mean_row_631",1,1,2,0
"realism","reveal_25","gibbs_imc","mean_row_631",0,2,2,0
"gamma","reveal_75","gibbs_imc","mean_row_631",1,1,2,0
"horseshoe","reveal_75","gibbs_imc","mean_row_631",0,2,2,0
"multiplicative_gamma","reveal_75","gibbs_imc","mean_row_631",0,2,2,0
"realism","reveal_75","gibbs_imc","mean_row_631",0,2,2,0
"gamma","reveal_25","gibbs_mci","mean_row_631",0,2,2,0
"horseshoe","reveal_25","gibbs_mci","mean_row_631",0,2,2,0
"multiplicative_gamma","reveal_25","gibbs_mci","mean_row_631",1,1,2,0
"realism","reveal_25","gibbs_mci","mean_row_631",0,2,2,0
"gamma","reveal_75","gibbs_mci","mean_row_631",2,0,2,0
"horseshoe","reveal_75","gibbs_mci","mean_row_631",0,2,2,0
"multiplicative_gamma","reveal_75","gibbs_mci","mean_row_631",0,2,2,0
"realism","reveal_75","gibbs_mci","mean_row_631",0,2,2,0
"gamma","reveal_25","gibbs_mic","mean_row_631",2,0,2,0
"horseshoe","reveal_25","gibbs_mic","mean_row_631",0,2,2,0
"multiplicative_gamma","reveal_25","gibbs_mic","mean_row_631",1,1,2,0
"realism","reveal_25","gibbs_mic","mean_row_631",0,2,2,0
"gamma","reveal_75","gibbs_mic","mean_row_631",2,0,2,0
"horseshoe","reveal_75","gibbs_mic","mean_row_631",0,2,2,0
"multiplicative_gamma","reveal_75","gibbs_mic","mean_row_631",1,1,2,0
"realism","reveal_75","gibbs_mic","mean_row_631",0,2,2,0
"gamma","reveal_25","gibbs","mean_row_789",0,2,2,0
"horseshoe","reveal_25","gibbs","mean_row_789",0,2,2,0
"multiplicative_gamma","reveal_25","gibbs","mean_row_789",2,0,2,0
"realism","reveal_25","gibbs","mean_row_789",0,2,2,0
"gamma","reveal_75","gibbs","mean_row_789",1,1,2,0
"horseshoe","reveal_75","gibbs","mean_row_789",0,2,2,0
"multiplicative_gamma","reveal_75","gibbs","mean_row_789",1,1,2,0
"realism","reveal_75","gibbs","mean_row_789",0,2,2,0
"gamma","reveal_25","gibbs_cmi","mean_row_789",2,0,2,0
"horseshoe","reveal_25","gibbs_cmi","mean_row_789",0,2,2,0
"multiplicative_gamma","reveal_25","gibbs_cmi","mean_row_789",1,1,2,0
"realism","reveal_25","gibbs_cmi","mean_row_789",0,2,2,0
"gamma","reveal_75","gibbs_cmi","mean_row_789",1,1,2,0
"horseshoe","reveal_75","gibbs_cmi","mean_row_789",0,2,2,0
"multiplicative_gamma","reveal_75","gibbs_cmi","mean_row_789",1,1,2,0
"realism","reveal_75","gibbs_cmi","mean_row_789",0,2,2,0
"gamma","reveal_25","gibbs_icm","mean_row_789",2,0,2,0
"horseshoe","reveal_25","gibbs_icm","mean_row_789",0,2,2,0
"multiplicative_gamma","reveal_25","gibbs_icm","mean_row_789",2,0,2,0
"realism","reveal_25","gibbs_icm","mean_row_789",0,2,2,0
"gamma","reveal_75","gibbs_icm","mean_row_789",1,1,2,0
"horseshoe","reveal_75","gibbs_icm","mean_row_789",0,2,2,0
"multiplicative_gamma","reveal_75","gibbs_icm","mean_row_789",2,0,2,0
"realism","reveal_75","gibbs_icm","mean_row_789",0,2,2,0
"gamma","reveal_25","gibbs_imc","mean_row_789",0,2,2,0
"horseshoe","reveal_25","gibbs_imc","mean_row_789",0,2,2,0
"multiplicative_gamma","reveal_25","gibbs_imc","mean_row_789",2,0,2,0
"realism","reveal_25","gibbs_imc","mean_row_789",0,2,2,0
"gamma","reveal_75","gibbs_imc","mean_row_789",2,0,2,0
"horseshoe","reveal_75","gibbs_imc","mean_row_789",0,2,2,0
"multiplicative_gamma","reveal_75","gibbs_imc","mean_row_789",2,0,2,0
"realism","reveal_75","gibbs_imc","mean_row_789",0,2,2,0
"gamma","reveal_25","gibbs_mci","mean_row_789",1,1,2,0
"horseshoe","reveal_25","gibbs_mci","mean_row_789",0,2,2,0
"multiplicative_gamma","reveal_25","gibbs_mci","mean_row_789",2,0,2,0
"realism","reveal_25","gibbs_mci","mean_row_789",0,2,2,0
"gamma","reveal_75","gibbs_mci","mean_row_789",0,2,2,0
"horseshoe","reveal_75","gibbs_mci","mean_row_789",0,2,2,0
"multiplicative_gamma","reveal_75","gibbs_mci","mean_row_789",1,1,2,0
"realism","reveal_75","gibbs_mci","mean_row_789",0,2,2,0
"gamma","reveal_25","gibbs_mic","mean_row_789",1,1,2,0
"horseshoe","reveal_25","gibbs_mic","mean_row_789",0,2,2,0
"multiplicative_gamma","reveal_25","gibbs_mic","mean_row_789",2,0,2,0
"realism","reveal_25","gibbs_mic","mean_row_789",0,2,2,0
"gamma","reveal_75","gibbs_mic","mean_row_789",0,2,2,0
"horseshoe","reveal_75","gibbs_mic","mean_row_789",0,2,2,0
"multiplicative_gamma","reveal_75","gibbs_mic","mean_row_789",1,1,2,0
"realism","reveal_75","gibbs_mic","mean_row_789",0,2,2,0
"gamma","reveal_25","gibbs","mean_row_946",2,0,2,0
"horseshoe","reveal_25","gibbs","mean_row_946",0,2,2,0
"multiplicative_gamma","reveal_25","gibbs","mean_row_946",1,1,2,0
"realism","reveal_25","gibbs","mean_row_946",0,2,2,0
"gamma","reveal_75","gibbs","mean_row_946",2,0,2,0
"horseshoe","reveal_75","gibbs","mean_row_946",0,2,2,0
"multiplicative_gamma","reveal_75","gibbs","mean_row_946",0,2,2,0
"realism","reveal_75","gibbs","mean_row_946",0,2,2,0
"gamma","reveal_25","gibbs_cmi","mean_row_946",1,1,2,0
"horseshoe","reveal_25","gibbs_cmi","mean_row_946",0,2,2,0
"multiplicative_gamma","reveal_25","gibbs_cmi","mean_row_946",0,2,2,0
"realism","reveal_25","gibbs_cmi","mean_row_946",0,2,2,0
"gamma","reveal_75","gibbs_cmi","mean_row_946",1,1,2,0
"horseshoe","reveal_75","gibbs_cmi","mean_row_946",0,2,2,0
"multiplicative_gamma","reveal_75","gibbs_cmi","mean_row_946",0,2,2,0
"realism","reveal_75","gibbs_cmi","mean_row_946",0,2,2,0
"gamma","reveal_25","gibbs_icm","mean_row_946",2,0,2,0
"horseshoe","reveal_25","gibbs_icm","mean_row_946",0,2,2,0
"multiplicative_gamma","reveal_25","gibbs_icm","mean_row_946",1,1,2,0
"realism","reveal_25","gibbs_icm","mean_row_946",0,2,2,0
"gamma","reveal_75","gibbs_icm","mean_row_946",0,2,2,0
"horseshoe","reveal_75","gibbs_icm","mean_row_946",0,2,2,0
"multiplicative_gamma","reveal_75","gibbs_icm","mean_row_946",0,2,2,0
"realism","reveal_75","gibbs_icm","mean_row_946",0,2,2,0
"gamma","reveal_25","gibbs_imc","mean_row_946",2,0,2,0
"horseshoe","reveal_25","gibbs_imc","mean_row_946",0,2,2,0
"multiplicative_gamma","reveal_25","gibbs_imc","mean_row_946",1,1,2,0
"realism","reveal_25","gibbs_imc","mean_row_946",0,2,2,0
"gamma","reveal_75","gibbs_imc","mean_row_946",2,0,2,0
"horseshoe","reveal_75","gibbs_imc","mean_row_946",0,2,2,0
"multiplicative_gamma","reveal_75","gibbs_imc","mean_row_946",0,2,2,0
"realism","reveal_75","gibbs_imc","mean_row_946",0,2,2,0
"gamma","reveal_25","gibbs_mci","mean_row_946",2,0,2,0
"horseshoe","reveal_25","gibbs_mci","mean_row_946",0,2,2,0
"multiplicative_gamma","reveal_25","gibbs_mci","mean_row_946",0,2,2,0
"realism","reveal_25","gibbs_mci","mean_row_946",0,2,2,0
"gamma","reveal_75","gibbs_mci","mean_row_946",2,0,2,0
"horseshoe","reveal_75","gibbs_mci","mean_row_946",0,2,2,0
"multiplicative_gamma","reveal_75","gibbs_mci","mean_row_946",0,2,2,0
"realism","reveal_75","gibbs_mci","mean_row_946",0,2,2,0
"gamma","reveal_25","gibbs_mic","mean_row_946",2,0,2,0
"horseshoe","reveal_25","gibbs_mic","mean_row_946",0,2,2,0
"multiplicative_gamma","reveal_25","gibbs_mic","mean_row_946",1,1,2,0
"realism","reveal_25","gibbs_mic","mean_row_946",0,2,2,0
"gamma","reveal_75","gibbs_mic","mean_row_946",1,1,2,0
"horseshoe","reveal_75","gibbs_mic","mean_row_946",0,2,2,0
"multiplicative_gamma","reveal_75","gibbs_mic","mean_row_946",0,2,2,0
"realism","reveal_75","gibbs_mic","mean_row_946",0,2,2,0
"gamma","reveal_25","gibbs","observed_log_likelihood",0,2,2,0
"horseshoe","reveal_25","gibbs","observed_log_likelihood",0,2,2,0
"multiplicative_gamma","reveal_25","gibbs","observed_log_likelihood",0,2,2,0
"realism","reveal_25","gibbs","observed_log_likelihood",0,2,2,0
"gamma","reveal_75","gibbs","observed_log_likelihood",0,2,2,0
"horseshoe","reveal_75","gibbs","observed_log_likelihood",0,2,2,0
"multiplicative_gamma","reveal_75","gibbs","observed_log_likelihood",0,2,2,0
"realism","reveal_75","gibbs","observed_log_likelihood",0,2,2,0
"gamma","reveal_25","gibbs_cmi","observed_log_likelihood",0,2,2,0
"horseshoe","reveal_25","gibbs_cmi","observed_log_likelihood",0,2,2,0
"multiplicative_gamma","reveal_25","gibbs_cmi","observed_log_likelihood",0,2,2,0
"realism","reveal_25","gibbs_cmi","observed_log_likelihood",0,2,2,0
"gamma","reveal_75","gibbs_cmi","observed_log_likelihood",0,2,2,0
"horseshoe","reveal_75","gibbs_cmi","observed_log_likelihood",0,2,2,0
"multiplicative_gamma","reveal_75","gibbs_cmi","observed_log_likelihood",0,2,2,0
"realism","reveal_75","gibbs_cmi","observed_log_likelihood",0,2,2,0
"gamma","reveal_25","gibbs_icm","observed_log_likelihood",0,2,2,0
"horseshoe","reveal_25","gibbs_icm","observed_log_likelihood",0,2,2,0
"multiplicative_gamma","reveal_25","gibbs_icm","observed_log_likelihood",0,2,2,0
"realism","reveal_25","gibbs_icm","observed_log_likelihood",0,2,2,0
"gamma","reveal_75","gibbs_icm","observed_log_likelihood",0,2,2,0
"horseshoe","reveal_75","gibbs_icm","observed_log_likelihood",0,2,2,0
"multiplicative_gamma","reveal_75","gibbs_icm","observed_log_likelihood",0,2,2,0
"realism","reveal_75","gibbs_icm","observed_log_likelihood",0,2,2,0
"gamma","reveal_25","gibbs_imc","observed_log_likelihood",0,2,2,0
"horseshoe","reveal_25","gibbs_imc","observed_log_likelihood",0,2,2,0
"multiplicative_gamma","reveal_25","gibbs_imc","observed_log_likelihood",0,2,2,0
"realism","reveal_25","gibbs_imc","observed_log_likelihood",0,2,2,0
"gamma","reveal_75","gibbs_imc","observed_log_likelihood",0,2,2,0
"horseshoe","reveal_75","gibbs_imc","observed_log_likelihood",0,2,2,0
"multiplicative_gamma","reveal_75","gibbs_imc","observed_log_likelihood",0,2,2,0
"realism","reveal_75","gibbs_imc","observed_log_likelihood",0,2,2,0
"gamma","reveal_25","gibbs_mci","observed_log_likelihood",0,2,2,0
"horseshoe","reveal_25","gibbs_mci","observed_log_likelihood",0,2,2,0
"multiplicative_gamma","reveal_25","gibbs_mci","observed_log_likelihood",0,2,2,0
"realism","reveal_25","gibbs_mci","observed_log_likelihood",0,2,2,0
"gamma","reveal_75","gibbs_mci","observed_log_likelihood",0,2,2,0
"horseshoe","reveal_75","gibbs_mci","observed_log_likelihood",0,2,2,0
"multiplicative_gamma","reveal_75","gibbs_mci","observed_log_likelihood",0,2,2,0
"realism","reveal_75","gibbs_mci","observed_log_likelihood",0,2,2,0
"gamma","reveal_25","gibbs_mic","observed_log_likelihood",0,2,2,0
"horseshoe","reveal_25","gibbs_mic","observed_log_likelihood",0,2,2,0
"multiplicative_gamma","reveal_25","gibbs_mic","observed_log_likelihood",0,2,2,0
"realism","reveal_25","gibbs_mic","observed_log_likelihood",0,2,2,0
"gamma","reveal_75","gibbs_mic","observed_log_likelihood",0,2,2,0
"horseshoe","reveal_75","gibbs_mic","observed_log_likelihood",0,2,2,0
"multiplicative_gamma","reveal_75","gibbs_mic","observed_log_likelihood",0,2,2,0
"realism","reveal_75","gibbs_mic","observed_log_likelihood",0,2,2,0
"gamma","reveal_25","gibbs","sigma",0,2,2,0
"horseshoe","reveal_25","gibbs","sigma",0,2,2,0
"multiplicative_gamma","reveal_25","gibbs","sigma",0,2,2,0
"realism","reveal_25","gibbs","sigma",0,2,2,0
"gamma","reveal_75","gibbs","sigma",0,2,2,0
"horseshoe","reveal_75","gibbs","sigma",0,2,2,0
"multiplicative_gamma","reveal_75","gibbs","sigma",0,2,2,0
"realism","reveal_75","gibbs","sigma",0,2,2,0
"gamma","reveal_25","gibbs_cmi","sigma",0,2,2,0
"horseshoe","reveal_25","gibbs_cmi","sigma",0,2,2,0
"multiplicative_gamma","reveal_25","gibbs_cmi","sigma",0,2,2,0
"realism","reveal_25","gibbs_cmi","sigma",0,2,2,0
"gamma","reveal_75","gibbs_cmi","sigma",1,1,2,0
"horseshoe","reveal_75","gibbs_cmi","sigma",0,2,2,0
"multiplicative_gamma","reveal_75","gibbs_cmi","sigma",0,2,2,0
"realism","reveal_75","gibbs_cmi","sigma",0,2,2,0
"gamma","reveal_25","gibbs_icm","sigma",0,2,2,0
"horseshoe","reveal_25","gibbs_icm","sigma",0,2,2,0
"multiplicative_gamma","reveal_25","gibbs_icm","sigma",0,2,2,0
"realism","reveal_25","gibbs_icm","sigma",0,2,2,0
"gamma","reveal_75","gibbs_icm","sigma",0,2,2,0
"horseshoe","reveal_75","gibbs_icm","sigma",0,2,2,0
"multiplicative_gamma","reveal_75","gibbs_icm","sigma",0,2,2,0
"realism","reveal_75","gibbs_icm","sigma",0,2,2,0
"gamma","reveal_25","gibbs_imc","sigma",0,2,2,0
"horseshoe","reveal_25","gibbs_imc","sigma",0,2,2,0
"multiplicative_gamma","reveal_25","gibbs_imc","sigma",0,2,2,0
"realism","reveal_25","gibbs_imc","sigma",0,2,2,0
"gamma","reveal_75","gibbs_imc","sigma",0,2,2,0
"horseshoe","reveal_75","gibbs_imc","sigma",0,2,2,0
"multiplicative_gamma","reveal_75","gibbs_imc","sigma",0,2,2,0
"realism","reveal_75","gibbs_imc","sigma",0,2,2,0
"gamma","reveal_25","gibbs_mci","sigma",0,2,2,0
"horseshoe","reveal_25","gibbs_mci","sigma",0,2,2,0
"multiplicative_gamma","reveal_25","gibbs_mci","sigma",0,2,2,0
"realism","reveal_25","gibbs_mci","sigma",0,2,2,0
"gamma","reveal_75","gibbs_mci","sigma",1,1,2,0
"horseshoe","reveal_75","gibbs_mci","sigma",0,2,2,0
"multiplicative_gamma","reveal_75","gibbs_mci","sigma",0,2,2,0
"realism","reveal_75","gibbs_mci","sigma",0,2,2,0
"gamma","reveal_25","gibbs_mic","sigma",0,2,2,0
"horseshoe","reveal_25","gibbs_mic","sigma",0,2,2,0
"multiplicative_gamma","reveal_25","gibbs_mic","sigma",0,2,2,0
"realism","reveal_25","gibbs_mic","sigma",0,2,2,0
"gamma","reveal_75","gibbs_mic","sigma",0,2,2,0
"horseshoe","reveal_75","gibbs_mic","sigma",0,2,2,0
"multiplicative_gamma","reveal_75","gibbs_mic","sigma",1,1,2,0
"realism","reveal_75","gibbs_mic","sigma",0,2,2,0
