"file","md5"
"DESCRIPTION","372c0d28054c7ee0f9ab7ae71d91c406"
"experiments/samplers/config.R","785543a2cdd22b3565ac2aa6dbf2725f"
"experiments/samplers/data.R","c6d2b6bfa83a0a9851fd667c78796012"
"experiments/samplers/metrics.R","541f57c6b33f091d81a129263092b57d"
"experiments/samplers/report.qmd","7b60d6f306537673ac59d445c20f2ec7"
"experiments/samplers/report.R","dbdf26d2dc88c64182b764e28cb5cc74"
"experiments/samplers/run.R","28bcd5b355635e0e3fdd69e586051df4"
"experiments/samplers/runner.R","af75e6947cb575277707402082744301"
"experiments/samplers/sbc.R","d30f0143fdeeb1c9b8dbb9a4e1d51cc9"
"NAMESPACE","11abdbccc2758bb3608779625ac27e54"
"R/batchieR-package.R","df6cc46bc7fae1a55b713f3d5065b35a"
"R/combo_broom.R","50ebdd36f1c9b15e9dd3115745a90150"
"R/combo_compile.R","60f351df522aa8c5ade03b45d5e8d523"
"R/combo_fit.R","36b2b0d4efb1c259c66d9fffea71f06f"
"R/combo_gibbs.R","0edc3efc8d0fb3cef26cec60db1f720b"
"R/combo_init.R","2345ae34c07b84cd4e593d7794309da0"
"R/combo_model.R","557991b4f0822ff470f6031e67a7b22e"
"R/combo_parallel.R","a7e88f02f5f53a2a31a8cbf76209ff9a"
"R/combo_posterior.R","8e0554a9f3a2ddc939123a5f101d60d2"
"R/combo_prior.R","83440041789afbd1c349dd0808b5c4f3"
"R/gmrf.R","ca35b99ca1f680487c0ecf9f4fd0e6b8"
"R/scoring.R","eb064a842c0ef2a7b334a38f387c6090"
"R/tree.R","584863b4332b0f95acfc6a934e4f39cc"
"R/utils.R","11101a852da5c410de63c2ff84400f96"
"renv.lock","d60bac6a212d470f86c1114eef0daa24"
