"scenario","dataset","mask","adapter","id","status","error","warnings"
"gamma",1,"reveal_25","gibbs","gamma-001-reveal_25-gibbs","ok","",""
"multiplicative_gamma",1,"reveal_25","gibbs","multiplicative_gamma-001-reveal_25-gibbs","ok","",""
"horseshoe",1,"reveal_25","gibbs","horseshoe-001-reveal_25-gibbs","ok","",""
"realism",1,"reveal_25","gibbs","realism-001-reveal_25-gibbs","ok","",""
"gamma",2,"reveal_25","gibbs","gamma-002-reveal_25-gibbs","ok","",""
"multiplicative_gamma",2,"reveal_25","gibbs","multiplicative_gamma-002-reveal_25-gibbs","ok","",""
"horseshoe",2,"reveal_25","gibbs","horseshoe-002-reveal_25-gibbs","ok","",""
"realism",2,"reveal_25","gibbs","realism-002-reveal_25-gibbs","ok","",""
"gamma",1,"reveal_75","gibbs","gamma-001-reveal_75-gibbs","ok","",""
"multiplicative_gamma",1,"reveal_75","gibbs","multiplicative_gamma-001-reveal_75-gibbs","ok","",""
"horseshoe",1,"reveal_75","gibbs","horseshoe-001-reveal_75-gibbs","ok","",""
"realism",1,"reveal_75","gibbs","realism-001-reveal_75-gibbs","ok","",""
"gamma",2,"reveal_75","gibbs","gamma-002-reveal_75-gibbs","ok","",""
"multiplicative_gamma",2,"reveal_75","gibbs","multiplicative_gamma-002-reveal_75-gibbs","ok","",""
"horseshoe",2,"reveal_75","gibbs","horseshoe-002-reveal_75-gibbs","ok","",""
"realism",2,"reveal_75","gibbs","realism-002-reveal_75-gibbs","ok","",""
"gamma",1,"reveal_25","gibbs_cmi","gamma-001-reveal_25-gibbs_cmi","ok","",""
"multiplicative_gamma",1,"reveal_25","gibbs_cmi","multiplicative_gamma-001-reveal_25-gibbs_cmi","ok","",""
"horseshoe",1,"reveal_25","gibbs_cmi","horseshoe-001-reveal_25-gibbs_cmi","ok","",""
"realism",1,"reveal_25","gibbs_cmi","realism-001-reveal_25-gibbs_cmi","ok","",""
"gamma",2,"reveal_25","gibbs_cmi","gamma-002-reveal_25-gibbs_cmi","ok","",""
"multiplicative_gamma",2,"reveal_25","gibbs_cmi","multiplicative_gamma-002-reveal_25-gibbs_cmi","ok","",""
"horseshoe",2,"reveal_25","gibbs_cmi","horseshoe-002-reveal_25-gibbs_cmi","ok","",""
"realism",2,"reveal_25","gibbs_cmi","realism-002-reveal_25-gibbs_cmi","ok","",""
"gamma",1,"reveal_75","gibbs_cmi","gamma-001-reveal_75-gibbs_cmi","ok","",""
"multiplicative_gamma",1,"reveal_75","gibbs_cmi","multiplicative_gamma-001-reveal_75-gibbs_cmi","ok","",""
"horseshoe",1,"reveal_75","gibbs_cmi","horseshoe-001-reveal_75-gibbs_cmi","ok","",""
"realism",1,"reveal_75","gibbs_cmi","realism-001-reveal_75-gibbs_cmi","ok","",""
"gamma",2,"reveal_75","gibbs_cmi","gamma-002-reveal_75-gibbs_cmi","ok","",""
"multiplicative_gamma",2,"reveal_75","gibbs_cmi","multiplicative_gamma-002-reveal_75-gibbs_cmi","ok","",""
"horseshoe",2,"reveal_75","gibbs_cmi","horseshoe-002-reveal_75-gibbs_cmi","ok","",""
"realism",2,"reveal_75","gibbs_cmi","realism-002-reveal_75-gibbs_cmi","ok","",""
"gamma",1,"reveal_25","gibbs_icm","gamma-001-reveal_25-gibbs_icm","ok","",""
"multiplicative_gamma",1,"reveal_25","gibbs_icm","multiplicative_gamma-001-reveal_25-gibbs_icm","ok","",""
"horseshoe",1,"reveal_25","gibbs_icm","horseshoe-001-reveal_25-gibbs_icm","ok","",""
"realism",1,"reveal_25","gibbs_icm","realism-001-reveal_25-gibbs_icm","ok","",""
"gamma",2,"reveal_25","gibbs_icm","gamma-002-reveal_25-gibbs_icm","ok","",""
"multiplicative_gamma",2,"reveal_25","gibbs_icm","multiplicative_gamma-002-reveal_25-gibbs_icm","ok","",""
"horseshoe",2,"reveal_25","gibbs_icm","horseshoe-002-reveal_25-gibbs_icm","ok","",""
"realism",2,"reveal_25","gibbs_icm","realism-002-reveal_25-gibbs_icm","ok","",""
"gamma",1,"reveal_75","gibbs_icm","gamma-001-reveal_75-gibbs_icm","ok","",""
"multiplicative_gamma",1,"reveal_75","gibbs_icm","multiplicative_gamma-001-reveal_75-gibbs_icm","ok","",""
"horseshoe",1,"reveal_75","gibbs_icm","horseshoe-001-reveal_75-gibbs_icm","ok","",""
"realism",1,"reveal_75","gibbs_icm","realism-001-reveal_75-gibbs_icm","ok","",""
"gamma",2,"reveal_75","gibbs_icm","gamma-002-reveal_75-gibbs_icm","ok","",""
"multiplicative_gamma",2,"reveal_75","gibbs_icm","multiplicative_gamma-002-reveal_75-gibbs_icm","ok","",""
"horseshoe",2,"reveal_75","gibbs_icm","horseshoe-002-reveal_75-gibbs_icm","ok","",""
"realism",2,"reveal_75","gibbs_icm","realism-002-reveal_75-gibbs_icm","ok","",""
"gamma",1,"reveal_25","gibbs_imc","gamma-001-reveal_25-gibbs_imc","ok","",""
"multiplicative_gamma",1,"reveal_25","gibbs_imc","multiplicative_gamma-001-reveal_25-gibbs_imc","ok","",""
"horseshoe",1,"reveal_25","gibbs_imc","horseshoe-001-reveal_25-gibbs_imc","ok","",""
"realism",1,"reveal_25","gibbs_imc","realism-001-reveal_25-gibbs_imc","ok","",""
"gamma",2,"reveal_25","gibbs_imc","gamma-002-reveal_25-gibbs_imc","ok","",""
"multiplicative_gamma",2,"reveal_25","gibbs_imc","multiplicative_gamma-002-reveal_25-gibbs_imc","ok","",""
"horseshoe",2,"reveal_25","gibbs_imc","horseshoe-002-reveal_25-gibbs_imc","ok","",""
"realism",2,"reveal_25","gibbs_imc","realism-002-reveal_25-gibbs_imc","ok","",""
"gamma",1,"reveal_75","gibbs_imc","gamma-001-reveal_75-gibbs_imc","ok","",""
"multiplicative_gamma",1,"reveal_75","gibbs_imc","multiplicative_gamma-001-reveal_75-gibbs_imc","ok","",""
"horseshoe",1,"reveal_75","gibbs_imc","horseshoe-001-reveal_75-gibbs_imc","ok","",""
"realism",1,"reveal_75","gibbs_imc","realism-001-reveal_75-gibbs_imc","ok","",""
"gamma",2,"reveal_75","gibbs_imc","gamma-002-reveal_75-gibbs_imc","ok","",""
"multiplicative_gamma",2,"reveal_75","gibbs_imc","multiplicative_gamma-002-reveal_75-gibbs_imc","ok","",""
"horseshoe",2,"reveal_75","gibbs_imc","horseshoe-002-reveal_75-gibbs_imc","ok","",""
"realism",2,"reveal_75","gibbs_imc","realism-002-reveal_75-gibbs_imc","ok","",""
"gamma",1,"reveal_25","gibbs_mci","gamma-001-reveal_25-gibbs_mci","ok","",""
"multiplicative_gamma",1,"reveal_25","gibbs_mci","multiplicative_gamma-001-reveal_25-gibbs_mci","ok","",""
"horseshoe",1,"reveal_25","gibbs_mci","horseshoe-001-reveal_25-gibbs_mci","ok","",""
"realism",1,"reveal_25","gibbs_mci","realism-001-reveal_25-gibbs_mci","ok","",""
"gamma",2,"reveal_25","gibbs_mci","gamma-002-reveal_25-gibbs_mci","ok","",""
"multiplicative_gamma",2,"reveal_25","gibbs_mci","multiplicative_gamma-002-reveal_25-gibbs_mci","ok","",""
"horseshoe",2,"reveal_25","gibbs_mci","horseshoe-002-reveal_25-gibbs_mci","ok","",""
"realism",2,"reveal_25","gibbs_mci","realism-002-reveal_25-gibbs_mci","ok","",""
"gamma",1,"reveal_75","gibbs_mci","gamma-001-reveal_75-gibbs_mci","ok","",""
"multiplicative_gamma",1,"reveal_75","gibbs_mci","multiplicative_gamma-001-reveal_75-gibbs_mci","ok","",""
"horseshoe",1,"reveal_75","gibbs_mci","horseshoe-001-reveal_75-gibbs_mci","ok","",""
"realism",1,"reveal_75","gibbs_mci","realism-001-reveal_75-gibbs_mci","ok","",""
"gamma",2,"reveal_75","gibbs_mci","gamma-002-reveal_75-gibbs_mci","ok","",""
"multiplicative_gamma",2,"reveal_75","gibbs_mci","multiplicative_gamma-002-reveal_75-gibbs_mci","ok","",""
"horseshoe",2,"reveal_75","gibbs_mci","horseshoe-002-reveal_75-gibbs_mci","ok","",""
"realism",2,"reveal_75","gibbs_mci","realism-002-reveal_75-gibbs_mci","ok","",""
"gamma",1,"reveal_25","gibbs_mic","gamma-001-reveal_25-gibbs_mic","ok","",""
"multiplicative_gamma",1,"reveal_25","gibbs_mic","multiplicative_gamma-001-reveal_25-gibbs_mic","ok","",""
"horseshoe",1,"reveal_25","gibbs_mic","horseshoe-001-reveal_25-gibbs_mic","ok","",""
"realism",1,"reveal_25","gibbs_mic","realism-001-reveal_25-gibbs_mic","ok","",""
"gamma",2,"reveal_25","gibbs_mic","gamma-002-reveal_25-gibbs_mic","ok","",""
"multiplicative_gamma",2,"reveal_25","gibbs_mic","multiplicative_gamma-002-reveal_25-gibbs_mic","ok","",""
"horseshoe",2,"reveal_25","gibbs_mic","horseshoe-002-reveal_25-gibbs_mic","ok","",""
"realism",2,"reveal_25","gibbs_mic","realism-002-reveal_25-gibbs_mic","ok","",""
"gamma",1,"reveal_75","gibbs_mic","gamma-001-reveal_75-gibbs_mic","ok","",""
"multiplicative_gamma",1,"reveal_75","gibbs_mic","multiplicative_gamma-001-reveal_75-gibbs_mic","ok","",""
"horseshoe",1,"reveal_75","gibbs_mic","horseshoe-001-reveal_75-gibbs_mic","ok","",""
"realism",1,"reveal_75","gibbs_mic","realism-001-reveal_75-gibbs_mic","ok","",""
"gamma",2,"reveal_75","gibbs_mic","gamma-002-reveal_75-gibbs_mic","ok","",""
"multiplicative_gamma",2,"reveal_75","gibbs_mic","multiplicative_gamma-002-reveal_75-gibbs_mic","ok","",""
"horseshoe",2,"reveal_75","gibbs_mic","horseshoe-002-reveal_75-gibbs_mic","ok","",""
"realism",2,"reveal_75","gibbs_mic","realism-002-reveal_75-gibbs_mic","ok","",""
